2020;50;2020.12.11.;0;0 EUR;0;948 154 EUR;0;36 029 845 Ft;2;1 896 300 Ft;16;107 170 Ft;25;41 410 Ft;55;23 545 Ft;860;6 910 Ft;730;7 785 Ft;1578;5 235 Ft;3815;3 650 Ft;12519;2 810 Ft;4;13;15;41;49;1;9
2020;49;2020.12.04.;0;0 EUR;0;1 791 956 EUR;0;34 047 170 Ft;0;2 619 015 Ft;11;111 210 Ft;15;50 970 Ft;25;26 065 Ft;579;7 460 Ft;506;9 140 Ft;1016;6 135 Ft;2734;4 135 Ft;10338;2 970 Ft;1;27;37;40;41;7;10
2020;48;2020.11.27.;0;11 237 997 EUR;0;1 786 388 EUR;0;33 941 355 Ft;0;1 786 385 Ft;9;102 490 Ft;35;38 890 Ft;41;21 155 Ft;663;6 490 Ft;630;7 395 Ft;1284;4 910 Ft;3526;3 555 Ft;10159;2 780 Ft;1;2;22;25;30;5;10
2020;47;2020.11.20.;0;61 083 832 EUR;0;826 136 EUR;0;41 454 015 Ft;0;1 401 820 Ft;15;95 965 Ft;20;44 705 Ft;39;22 580 Ft;863;6 430 Ft;658;7 785 Ft;1291;5 780 Ft;3462;3 620 Ft;14439;2 585 Ft;18;20;34;49;50;7;8
2020;46;2020.11.13.;0;0 EUR;0;0 EUR;0;24 990 835 Ft;3;1 502 175 Ft;16;72 645 Ft;47;30 715 Ft;45;21 675 Ft;1066;5 815 Ft;723;7 815 Ft;2286;4 395 Ft;3899;3 745 Ft;16412;2 550 Ft;5;17;21;37;38;1;4
2020;45;2020.11.06.;0;0 EUR;0;2 064 486 EUR;1;26 150 145 Ft;1;1 508 635 Ft;30;73 385 Ft;39;36 240 Ft;46;22 160 Ft;1004;5 525 Ft;581;7 850 Ft;1558;5 040 Ft;3367;3 620 Ft;14658;2 390 Ft;5;12;26;47;50;2;3
2020;44;2020.10.30.;0;0 EUR;0;971 043 EUR;1;15 814 110 Ft;3;1 209 795 Ft;13;65 955 Ft;62;28 035 Ft;29;20 705 Ft;1070;5 235 Ft;529;7 525 Ft;2199;4 040 Ft;3055;3 715 Ft;13810;2 425 Ft;11;19;24;33;39;1;4
2020;43;2020.10.23.;0;0 EUR;0;258 793 EUR;0;25 814 610 Ft;2;1 128 495 Ft;30;59 175 Ft;23;29 750 Ft;84;16 765 Ft;1159;4 910 Ft;874;6 490 Ft;1427;4 555 Ft;4150;3 295 Ft;15185;2 325 Ft;17;21;23;37;45;7;9
2020;42;2020.10.16.;0;58 807 427 EUR;0;2 497 131 EUR;0;47 445 470 Ft;1;1 860 575 Ft;28;95 610 Ft;33;39 760 Ft;42;23 740 Ft;798;6 555 Ft;658;8 365 Ft;1673;5 040 Ft;3332;3 910 Ft;12445;2 810 Ft;5;11;35;44;50;4;10
2020;41;2020.10.09.;0;0 EUR;0;318 857 EUR;0;23 131 675 Ft;2;932 015 Ft;32;48 645 Ft;59;22 545 Ft;62;16 505 Ft;1107;4 940 Ft;819;6 590 Ft;1969;4 005 Ft;3665;3 425 Ft;14750;2 425 Ft;1;11;17;23;29;1;8
2020;40;2020.10.02.;0;0 EUR;1;697 028 EUR;0;79 461 200 Ft;0;1 370 005 Ft;12;81 075 Ft;35;38 890 Ft;76;16 540 Ft;855;5 780 Ft;1004;5 780 Ft;1321;5 005 Ft;5631;2 650 Ft;14088;2 520 Ft;15;19;34;39;49;2;7
2020;39;2020.09.25.;0;0 EUR;0;946 772 EUR;0;70 061 165 Ft;0;1 843 695 Ft;16;75 415 Ft;43;29 750 Ft;38;22 140 Ft;1003;5 535 Ft;581;8 175 Ft;1693;4 025 Ft;2902;4 025 Ft;14290;2 610 Ft;1;7;9;29;46;9;10
2020;38;2020.09.18.;0;0 EUR;0;1 791 437 EUR;0;28 407 085 Ft;2;1 440 915 Ft;31;67 020 Ft;36;37 835 Ft;44;20 065 Ft;1274;4 940 Ft;731;6 855 Ft;1578;4 940 Ft;3376;3 335 Ft;17657;2 140 Ft;7;12;14;40;42;7;8
2020;37;2020.09.11.;0;21 752 127 EUR;0;1 266 197 EUR;0;72 639 375 Ft;1;2 269 965 Ft;12;84 005 Ft;39;39 345 Ft;43;20 945 Ft;693;6 540 Ft;630;8 460 Ft;1545;4 810 Ft;3162;3 870 Ft;11601;2 735 Ft;2;5;24;43;45;4;10
2020;36;2020.09.04.;0;0 EUR;0;0 EUR;1;25 465 665 Ft;1;1 150 975 Ft;16;73 720 Ft;39;35 005 Ft;95;15 820 Ft;1009;5 410 Ft;1547;5 410 Ft;1387;4 685 Ft;7917;2 580 Ft;14141;2 390 Ft;5;23;28;38;49;3;9
2020;35;2020.08.28.;0;34 889 569 EUR;0;585 793 EUR;1;26 238 925 Ft;8;735 645 Ft;44;62 805 Ft;58;29 970 Ft;163;11 195 Ft;1267;4 780 Ft;1693;4 780 Ft;1886;4 465 Ft;8254;2 325 Ft;14261;2 325 Ft;8;11;22;38;41;4;7
2020;34;2020.08.21.;0;0 EUR;0;0 EUR;0;31 287 310 Ft;1;1 825 075 Ft;10;103 280 Ft;21;41 450 Ft;34;27 740 Ft;577;7 140 Ft;404;8 775 Ft;1009;5 505 Ft;2467;3 965 Ft;9736;2 800 Ft;26;27;30;46;49;1;2
2020;33;2020.08.14.;0;0 EUR;0;466 635 EUR;0;34 531 000 Ft;1;1 569 575 Ft;25;76 235 Ft;33;32 930 Ft;77;15 695 Ft;882;5 660 Ft;950;6 165 Ft;1485;4 750 Ft;4583;3 080 Ft;13614;2 485 Ft;9;20;27;35;48;5;9
2020;32;2020.08.07.;0;38 145 589 EUR;0;409 769 EUR;0;22 742 155 Ft;1;956 110 Ft;20;58 405 Ft;52;25 315 Ft;54;15 095 Ft;993;5 065 Ft;883;5 820 Ft;2003;4 025 Ft;4497;2 990 Ft;14990;2 325 Ft;4;9;15;24;28;2;6
2020;31;2020.07.31.;0;0 EUR;0;639 204 EUR;0;40 543 800 Ft;0;1 261 335 Ft;51;63 245 Ft;49;33 180 Ft;57;20 410 Ft;1557;4 940 Ft;629;7 390 Ft;1880;4 845 Ft;3456;3 555 Ft;19300;2 200 Ft;3;19;28;43;49;2;3
2020;30;2020.07.24.;0;0 EUR;0;327 074 EUR;1;21 178 085 Ft;6;568 520 Ft;60;53 905 Ft;101;23 305 Ft;179;10 915 Ft;1646;4 590 Ft;1814;4 685 Ft;2818;3 835 Ft;7519;2 485 Ft;17961;2 235 Ft;7;11;19;32;43;2;8
2020;29;2020.07.17.;0;0 EUR;0;1 056 524 EUR;0;29 318 540 Ft;2;1 737 390 Ft;26;77 555 Ft;43;31 795 Ft;67;19 780 Ft;1045;5 690 Ft;837;7 015 Ft;2263;4 185 Ft;3812;3 520 Ft;12672;2 545 Ft;13;21;25;34;35;5;10
2020;28;2020.07.10.;0;0 EUR;0;492 693 EUR;0;19 886 875 Ft;3;1 121 820 Ft;27;61 140 Ft;40;25 885 Ft;62;16 230 Ft;1008;4 780 Ft;1010;5 915 Ft;1686;3 900 Ft;5250;2 925 Ft;14817;2 295 Ft;5;6;9;15;29;4;9
2020;27;2020.07.03.;0;0 EUR;0;911 175 EUR;0;101 140 465 Ft;1;1 123 770 Ft;14;75 920 Ft;26;36 795 Ft;62;15 125 Ft;674;5 380 Ft;800;5 880 Ft;1217;4 875 Ft;4705;2 735 Ft;10976;2 455 Ft;12;34;36;47;48;5;7
2020;26;2020.06.26.;0;44 565 942 EUR;0;362 616 EUR;0;26 833 580 Ft;1;1 364 395 Ft;14;70 540 Ft;30;32 270 Ft;48;19 720 Ft;904;5 440 Ft;686;7 015 Ft;1283;4 750 Ft;3956;3 365 Ft;13414;2 485 Ft;14;16;32;34;47;7;9
2020;25;2020.06.19.;0;0 EUR;0;511 834 EUR;0;37 875 740 Ft;0;1 052 095 Ft;20;71 990 Ft;30;35 160 Ft;99;15 095 Ft;929;5 755 Ft;1297;5 755 Ft;1518;4 750 Ft;6506;2 860 Ft;12677;2 545 Ft;2;22;33;38;47;2;9
2020;24;2020.06.12.;0;0 EUR;0;628 145 EUR;0;34 862 075 Ft;1;1 025 335 Ft;19;75 670 Ft;32;36 545 Ft;81;15 350 Ft;804;5 565 Ft;1145;5 565 Ft;1472;4 750 Ft;6041;2 545 Ft;12230;2 515 Ft;7;16;22;30;48;2;8
2020;23;2020.06.05.;0;0 EUR;0;445 734 EUR;0;24 738 255 Ft;2;1 499 285 Ft;31;74 380 Ft;67;29 090 Ft;63;18 870 Ft;1056;5 315 Ft;641;7 075 Ft;2300;4 025 Ft;3086;3 460 Ft;12372;2 515 Ft;9;16;17;29;39;1;8
2020;22;2020.05.29.;0;33 290 606 EUR;0;701 466 EUR;0;58 397 085 Ft;0;1 730 255 Ft;11;107 305 Ft;18;41 105 Ft;30;25 160 Ft;569;6 950 Ft;488;9 120 Ft;1454;4 905 Ft;2578;4 150 Ft;10126;2 895 Ft;8;22;31;32;36;6;10
2020;21;2020.05.22.;0;0 EUR;1;486 464 EUR;0;35 998 360 Ft;1;1 411 695 Ft;19;79 885 Ft;39;35 255 Ft;40;24 435 Ft;911;6 165 Ft;587;8 680 Ft;1596;4 905 Ft;3158;4 055 Ft;12892;2 675 Ft;12;15;32;40;45;7;10
2020;20;2020.05.15.;0;0 EUR;0;625 675 EUR;0;69 449 965 Ft;0;2 240 310 Ft;15;89 790 Ft;24;37 675 Ft;36;25 475 Ft;727;6 355 Ft;513;8 775 Ft;1598;4 720 Ft;2620;4 150 Ft;11807;2 735 Ft;21;27;29;34;49;8;10
2020;19;2020.05.08.;0;13 286 943 EUR;0;472 109 EUR;0;26 202 095 Ft;0;1 518 940 Ft;26;74 755 Ft;32;33 840 Ft;35;23 590 Ft;1112;5 505 Ft;576;8 395 Ft;1423;4 780 Ft;2925;4 025 Ft;14257;2 420 Ft;9;11;15;36;43;8;9
2020;18;2020.05.01.;0;90 000 000 EUR;0;6 104 297 EUR;0;40 870 815 Ft;2;1 205 605 Ft;14;77 085 Ft;25;35 160 Ft;58;17 045 Ft;990;5 440 Ft;692;7 360 Ft;1847;4 495 Ft;3307;3 775 Ft;13792;2 515 Ft;6;11;12;21;41;1;2
2020;17;2020.04.24.;0;0 EUR;0;3 920 309 EUR;0;39 650 400 Ft;0;1 554 890 Ft;20;79 975 Ft;40;34 625 Ft;40;19 815 Ft;825;5 755 Ft;743;7 075 Ft;1670;4 530 Ft;3697;3 430 Ft;13432;2 515 Ft;6;13;15;34;35;1;5
2020;16;2020.04.17.;0;0 EUR;0;7 331 310 EUR;0;33 788 590 Ft;0;1 769 850 Ft;18;88 280 Ft;39;37 520 Ft;64;19 245 Ft;974;6 100 Ft;891;6 480 Ft;1788;4 780 Ft;4326;3 020 Ft;13920;2 545 Ft;1;18;23;33;41;2;6
2020;15;2020.04.10.;0;0 EUR;0;5 202 243 EUR;0;26 725 235 Ft;4;1 838 220 Ft;20;86 770 Ft;28;43 120 Ft;59;21 260 Ft;1061;5 565 Ft;731;7 330 Ft;1407;5 345 Ft;3744;3 460 Ft;17633;2 325 Ft;2;7;8;43;50;2;3
2020;14;2020.04.03.;0;0 EUR;0;4 958 270 EUR;0;48 839 775 Ft;0;2 071 990 Ft;19;98 690 Ft;40;39 060 Ft;53;25 380 Ft;777;6 855 Ft;528;8 870 Ft;1519;5 030 Ft;2804;4 090 Ft;11407;2 860 Ft;3;21;26;40;41;8;10
2020;13;2020.03.27.;0;0 EUR;0;659 116 EUR;0;47 456 345 Ft;3;887 035 Ft;39;63 130 Ft;50;31 395 Ft;156;11 935 Ft;1443;4 650 Ft;1696;4 650 Ft;2106;4 375 Ft;7493;2 265 Ft;18291;2 235 Ft;13;19;23;34;41;3;8
2020;12;2020.03.20.;0;0 EUR;1;586 260 EUR;0;18 940 695 Ft;0;1 243 580 Ft;34;67 890 Ft;44;28 265 Ft;58;19 635 Ft;1221;5 205 Ft;784;7 440 Ft;2141;4 015 Ft;4122;3 570 Ft;15383;2 380 Ft;9;14;28;30;37;3;10
2020;11;2020.03.13.;0;0 EUR;1;832 409 EUR;0;32 776 080 Ft;0;1 560 745 Ft;41;68 575 Ft;55;36 950 Ft;55;19 545 Ft;1599;5 145 Ft;929;6 900 Ft;2095;4 880 Ft;4510;3 215 Ft;21132;2 260 Ft;1;17;29;39;42;7;8
2020;10;2020.03.06.;0;0 EUR;0;1 133 050 EUR;0;79 313 530 Ft;0;1 525 255 Ft;20;91 750 Ft;26;38 825 Ft;52;22 195 Ft;798;6 365 Ft;732;7 290 Ft;1584;4 730 Ft;4129;3 480 Ft;12184;2 650 Ft;15;19;35;36;41;5;10
2020;9;2020.02.28.;0;0 EUR;0;514 666 EUR;0;30 879 965 Ft;3;935 755 Ft;32;61 790 Ft;88;25 615 Ft;58;15 915 Ft;1258;4 610 Ft;837;5 980 Ft;2845;3 720 Ft;3752;3 035 Ft;15486;2 170 Ft;12;22;24;29;38;5;6
2020;8;2020.02.21.;0;0 EUR;0;971 170 EUR;0;33 990 980 Ft;6;1 510 705 Ft;16;78 540 Ft;39;35 940 Ft;95;17 255 Ft;927;5 920 Ft;831;6 100 Ft;1975;4 730 Ft;4664;2 795 Ft;13148;2 500 Ft;2;13;39;45;47;4;6
2020;7;2020.02.14.;0;0 EUR;0;617 646 EUR;0;32 426 400 Ft;0;1 662 875 Ft;18;86 840 Ft;31;36 650 Ft;42;23 355 Ft;712;6 070 Ft;521;7 825 Ft;1489;4 850 Ft;3049;3 570 Ft;11849;2 590 Ft;2;6;30;32;49;1;4
2020;6;2020.02.07.;0;90 000 000 EUR;1;1 391 535 EUR;0;27 316 240 Ft;1;988 175 Ft;30;50 425 Ft;71;26 480 Ft;54;17 375 Ft;1509;4 435 Ft;755;6 335 Ft;2194;4 165 Ft;4507;3 065 Ft;20640;2 085 Ft;7;16;22;36;44;3;4
2020;5;2020.01.31.;0;0 EUR;0;773 714 EUR;1;21 663 980 Ft;1;1 406 730 Ft;45;56 765 Ft;43;29 600 Ft;90;16 125 Ft;1780;4 135 Ft;898;6 100 Ft;2307;3 955 Ft;4194;3 065 Ft;22321;1 965 Ft;1;7;12;23;39;3;4
2020;4;2020.01.24.;0;0 EUR;0;523 949 EUR;0;25 006 690 Ft;0;1 190 775 Ft;34;63 575 Ft;50;30 165 Ft;80;16 780 Ft;1433;4 760 Ft;1016;6 365 Ft;2033;4 255 Ft;5407;3 035 Ft;19205;2 200 Ft;5;12;20;29;48;7;9
2020;3;2020.01.17.;0;0 EUR;0;1 181 045 EUR;1;19 078 405 Ft;1;2 016 395 Ft;13;85 800 Ft;35;37 455 Ft;52;20 945 Ft;833;6 305 Ft;733;7 585 Ft;1601;4 760 Ft;3898;3 450 Ft;11702;2 705 Ft;1;23;32;45;49;5;10
2020;2;2020.01.10.;0;0 EUR;0;1 037 915 EUR;0;24 218 015 Ft;3;1 320 960 Ft;18;76 190 Ft;30;35 490 Ft;72;15 560 Ft;1051;5 265 Ft;1098;5 800 Ft;1565;4 520 Ft;5209;2 825 Ft;14963;2 380 Ft;4;14;25;34;49;4;9
2020;1;2020.01.03.;0;0 EUR;0;618 829 EUR;0;48 732 820 Ft;2;1 804 905 Ft;11;81 100 Ft;35;38 435 Ft;39;21 660 Ft;843;5 710 Ft;562;6 990 Ft;1314;5 085 Ft;3201;3 155 Ft;12405;2 410 Ft;6;27;30;35;41;4;5
2019;52;2019.12.27.;0;0 EUR;0;575 919 EUR;0;40 519 855 Ft;2;719 890 Ft;35;52 005 Ft;48;24 215 Ft;91;11 660 Ft;1157;4 405 Ft;1065;4 700 Ft;1780;3 895 Ft;5021;2 380 Ft;14574;2 140 Ft;7;12;28;34;45;3;6
2019;51;2019.12.20.;0;0 EUR;0;436 343 EUR;0;0 Ft;1;2 106 480 Ft;12;79 670 Ft;30;34 510 Ft;36;22 075 Ft;812;5 655 Ft;589;7 675 Ft;1588;4 225 Ft;3386;3 690 Ft;12100;2 470 Ft;12;20;21;22;35;4;10
2019;50;2019.12.13.;0;10 455 190 EUR;0;607 208 EUR;0;95 635 330 Ft;1;1 416 815 Ft;16;91 215 Ft;29;38 350 Ft;56;20 200 Ft;769;6 455 Ft;761;7 080 Ft;1433;5 085 Ft;4117;3 300 Ft;11100;2 765 Ft;25;31;38;49;50;5;10
2019;49;2019.12.06.;0;23 515 066 EUR;0;477 465 EUR;0;28 647 910 Ft;2;1 172 715 Ft;22;75 950 Ft;52;28 800 Ft;54;19 960 Ft;919;5 830 Ft;704;7 140 Ft;1919;4 105 Ft;3767;3 360 Ft;12182;2 560 Ft;8;14;23;30;45;1;9
2019;48;2019.11.29.;0;0 EUR;0;453 924 EUR;0;38 129 625 Ft;0;2 269 600 Ft;10;1 099 455 Ft;21;41 265 Ft;25;21 835 Ft;594;6 335 Ft;551;7 170 Ft;1169;5 030 Ft;3173;3 245 Ft;10567;2 590 Ft;2;3;30;31;45;6;8
2019;47;2019.11.22.;1;30 000 000 EUR;0;2 938 894 EUR;0;19 709 255 Ft;9;497 300 Ft;50;49 355 Ft;55;25 555 Ft;248;7 410 Ft;1716;3 780 Ft;2568;3 780 Ft;2190;3 780 Ft;11674;1 965 Ft;19645;1 965 Ft;3;12;24;37;38;3;7
2019;46;2019.11.15.;0;0 EUR;0;1 617 777 EUR;0;50 834 540 Ft;0;1 560 685 Ft;16;71 160 Ft;35;31 860 Ft;66;17 670 Ft;981;5 325 Ft;878;6 100 Ft;1624;4 465 Ft;4379;2 975 Ft;15536;2 290 Ft;10;19;24;30;39;2;4
2019;45;2019.11.08.;0;0 EUR;0;931 220 EUR;0;22 564 155 Ft;2;1 685 815 Ft;13;90 885 Ft;35;37 275 Ft;56;21 835 Ft;894;6 160 Ft;664;7 675 Ft;1705;4 700 Ft;3439;3 660 Ft;12775;2 560 Ft;14;20;23;39;49;4;10
2019;44;2019.11.01.;0;0 EUR;0;266 080 EUR;0;35 920 865 Ft;1;1 643 420 Ft;20;73 930 Ft;42;33 320 Ft;23;21 895 Ft;789;5 770 Ft;494;7 795 Ft;1546;4 520 Ft;2640;3 600 Ft;11164;2 530 Ft;3;17;31;34;40;1;2
2019;43;2019.10.25.;0;0 EUR;0;367 390 EUR;0;46 291 120 Ft;1;1 928 780 Ft;15;103 620 Ft;18;42 425 Ft;27;24 245 Ft;599;6 900 Ft;482;8 210 Ft;969;5 535 Ft;3008;3 630 Ft;9807;2 735 Ft;2;30;34;35;45;1;2
2019;42;2019.10.18.;0;0 EUR;0;495 021 EUR;0;41 581 845 Ft;2;1 260 030 Ft;11;84 400 Ft;21;35 670 Ft;89;15 770 Ft;899;5 980 Ft;915;6 010 Ft;1402;4 760 Ft;3777;3 275 Ft;13377;2 500 Ft;6;9;31;43;44;6;9
2019;41;2019.10.11.;0;0 EUR;1;904 193 EUR;0;73 892 665 Ft;4;891 430 Ft;22;69 200 Ft;38;29 870 Ft;74;15 915 Ft;1055;5 115 Ft;1197;5 565 Ft;1808;4 075 Ft;5324;2 765 Ft;17453;2 200 Ft;8;12;13;39;44;4;9
2019;40;2019.10.04.;0;0 EUR;0;427 577 EUR;0;0 Ft;2;8 925 235 Ft;13;84 965 Ft;29;42 570 Ft;32;20 855 Ft;733;5 770 Ft;538;7 050 Ft;1097;5 325 Ft;3187;3 275 Ft;12978;2 290 Ft;15;19;20;45;49;7;8
2019;39;2019.09.27.;0;0 EUR;0;1 624 893 EUR;0;82 869 535 Ft;0;1 284 780 Ft;10;77 570 Ft;23;35 230 Ft;57;14 940 Ft;672;5 375 Ft;724;5 405 Ft;1253;4 535 Ft;3967;2 600 Ft;10541;2 370 Ft;21;24;26;34;47;4;6
2019;38;2019.09.20.;0;44 648 075 EUR;0;342 227 EUR;0;41 888 585 Ft;1;1 586 670 Ft;23;91 990 Ft;21;40 430 Ft;54;17 370 Ft;811;5 780 Ft;1029;5 780 Ft;1479;5 115 Ft;6269;2 455 Ft;12205;2 455 Ft;17;21;41;48;49;4;8
2019;37;2019.09.13.;0;0 EUR;0;506 320 EUR;0;29 511 205 Ft;9;882 810 Ft;40;66 845 Ft;66;28 495 Ft;152;13 465 Ft;1444;5 000 Ft;1663;5 200 Ft;2463;3 960 Ft;7960;2 570 Ft;17167;2 255 Ft;3;21;22;33;47;2;9
2019;36;2019.09.06.;0;0 EUR;0;1 793 385 EUR;0;30 487 535 Ft;0;1 742 120 Ft;9;94 935 Ft;15;41 415 Ft;48;21 095 Ft;595;6 385 Ft;589;6 995 Ft;1131;5 230 Ft;3224;3 210 Ft;10825;2 570 Ft;21;24;29;30;50;1;5
2019;35;2019.08.30.;0;0 EUR;0;846 843 EUR;0;34 551 220 Ft;1;1 175 190 Ft;27;72 365 Ft;29;33 090 Ft;38;22 225 Ft;734;5 665 Ft;616;7 660 Ft;1343;4 365 Ft;3396;3 585 Ft;10646;2 455 Ft;10;18;32;35;46;3;10
2019;34;2019.08.23.;0;90 000 000 EUR;0;939 388 EUR;0;56 331 390 Ft;1;1 522 450 Ft;9;89 475 Ft;23;40 055 Ft;51;18 350 Ft;679;5 955 Ft;971;5 955 Ft;1277;5 115 Ft;5588;2 570 Ft;13195;2 430 Ft;15;18;19;41;42;4;6
2019;33;2019.08.16.;0;0 EUR;0;2 619 809 EUR;0;66 805 125 Ft;5;1 156 780 Ft;20;75 110 Ft;33;37 745 Ft;155;11 445 Ft;1139;4 595 Ft;2244;4 595 Ft;1556;4 595 Ft;10703;2 110 Ft;16758;2 110 Ft;7;20;35;42;44;3;7
2019;32;2019.08.09.;0;0 EUR;0;1 157 539 EUR;0;29 517 215 Ft;0;1 574 240 Ft;14;83 925 Ft;27;32 370 Ft;29;23 580 Ft;734;6 270 Ft;522;7 920 Ft;1616;4 335 Ft;2851;3 730 Ft;12352;2 690 Ft;2;4;20;21;49;9;10
2019;31;2019.08.02.;0;0 EUR;0;1 036 131 EUR;0;21 137 085 Ft;0;1 718 450 Ft;24;83 520 Ft;39;34 100 Ft;32;25 490 Ft;815;6 330 Ft;438;8 350 Ft;1532;4 420 Ft;2696;3 875 Ft;11468;2 690 Ft;6;11;38;41;44;9;10
2019;30;2019.07.26.;0;0 EUR;0;307 109 EUR;0;88 754 560 Ft;1;1 815 930 Ft;14;85 600 Ft;33;38 785 Ft;36;20 925 Ft;801;5 750 Ft;627;6 935 Ft;1225;4 915 Ft;3625;3 180 Ft;12662;2 370 Ft;3;8;30;46;48;1;3
2019;29;2019.07.19.;0;0 EUR;0;870 522 EUR;0;59 195 525 Ft;0;1 376 625 Ft;13;84 820 Ft;22;41 645 Ft;46;19 160 Ft;728;6 270 Ft;814;6 560 Ft;1056;5 435 Ft;4571;3 150 Ft;13205;2 545 Ft;31;32;45;47;49;7;9
2019;28;2019.07.12.;0;0 EUR;0;540 953 EUR;0;82 765 900 Ft;0;1 724 290 Ft;11;100 920 Ft;14;44 595 Ft;25;22 020 Ft;591;6 850 Ft;631;7 400 Ft;843;5 810 Ft;3986;3 235 Ft;10959;2 660 Ft;31;36;40;42;45;7;9
2019;27;2019.07.05.;0;0 EUR;0;387 121 EUR;0;78 972 690 Ft;0;1 548 460 Ft;8;88 895 Ft;16;39 015 Ft;32;23 670 Ft;594;6 645 Ft;428;8 325 Ft;1122;5 030 Ft;2379;3 960 Ft;8690;2 805 Ft;1;15;34;48;50;6;10
2019;26;2019.06.28.;0;18 927 585 EUR;0;1 644 386 EUR;0;23 961 050 Ft;1;1 189 555 Ft;20;59 045 Ft;48;28 700 Ft;46;16 330 Ft;774;4 680 Ft;658;5 810 Ft;1416;4 190 Ft;3131;2 950 Ft;11213;2 140 Ft;18;25;26;35;38;5;6
2019;25;2019.06.21.;0;0 EUR;0;525 446 EUR;0;32 157 320 Ft;1;2 061 350 Ft;10;83 725 Ft;18;39 015 Ft;36;21 385 Ft;643;6 415 Ft;641;6 765 Ft;1215;5 230 Ft;3513;3 035 Ft;10389;2 570 Ft;20;27;37;41;45;1;7
2019;24;2019.06.14.;0;55 280 363 EUR;1;1 069 537 EUR;0;72 728 495 Ft;0;1 691 345 Ft;11;91 670 Ft;35;35 895 Ft;51;21 530 Ft;918;6 070 Ft;716;7 545 Ft;1713;4 710 Ft;3691;3 555 Ft;12847;2 630 Ft;8;23;40;41;42;2;10
2019;23;2019.06.07.;0;0 EUR;0;668 167 EUR;0;40 891 825 Ft;2;1 793 475 Ft;16;79 965 Ft;46;34 740 Ft;49;17 630 Ft;871;5 460 Ft;861;5 925 Ft;1473;4 395 Ft;4437;2 860 Ft;13919;2 285 Ft;7;8;20;35;38;5;9
2019;22;2019.05.31.;0;0 EUR;0;369 547 EUR;1;31 411 525 Ft;4;1 336 655 Ft;14;71 815 Ft;31;35 605 Ft;53;15 200 Ft;813;5 405 Ft;777;5 460 Ft;1354;4 655 Ft;4322;2 545 Ft;12240;2 285 Ft;10;12;35;36;43;2;5
2019;21;2019.05.24.;0;0 EUR;1;438 302 EUR;0;22 353 400 Ft;3;961 415 Ft;17;75 865 Ft;31;34 100 Ft;105;11 935 Ft;960;4 795 Ft;1444;4 795 Ft;1489;4 770 Ft;8411;2 225 Ft;13200;2 225 Ft;8;26;38;47;50;3;7
2019;20;2019.05.17.;0;0 EUR;0;423 216 EUR;0;24 667 480 Ft;0;846 425 Ft;16;57 050 Ft;29;31 730 Ft;75;13 755 Ft;994;4 450 Ft;826;5 810 Ft;1406;4 365 Ft;4450;2 860 Ft;12745;2 285 Ft;20;27;33;35;46;5;9
2019;19;2019.05.10.;0;45 000 000 EUR;0;994 790 EUR;0;19 169 830 Ft;1;771 920 Ft;46;46 270 Ft;60;22 195 Ft;116;10 175 Ft;1639;3 990 Ft;1930;3 990 Ft;2558;3 440 Ft;8303;2 140 Ft;21327;1 935 Ft;5;7;15;19;29;3;8
2019;18;2019.05.03.;0;0 EUR;0;2 739 674 EUR;0;46 574 460 Ft;3;1 122 275 Ft;30;64 275 Ft;51;27 050 Ft;79;14 595 Ft;1302;4 565 Ft;952;5 695 Ft;2420;3 700 Ft;4416;2 920 Ft;17018;2 110 Ft;3;9;10;19;42;1;7
2019;17;2019.04.26.;0;0 EUR;0;2 301 093 EUR;0;29 338 935 Ft;1;954 105 Ft;11;72 655 Ft;26;30 345 Ft;69;13 990 Ft;894;5 030 Ft;1022;5 030 Ft;1573;4 135 Ft;5867;2 310 Ft;13777;2 255 Ft;1;6;11;17;38;4;8
2019;16;2019.04.19.;0;0 EUR;0;681 183 EUR;0;23 160 230 Ft;1;1 197 935 Ft;17;77 280 Ft;30;33 840 Ft;44;22 195 Ft;943;5 580 Ft;666;7 340 Ft;1524;4 595 Ft;3462;3 325 Ft;14470;2 400 Ft;18;21;37;43;47;1;3
2019;15;2019.04.12.;0;0 EUR;0;480 924 EUR;0;49 054 255 Ft;1;961 820 Ft;20;73 465 Ft;41;30 520 Ft;80;14 160 Ft;949;5 060 Ft;1126;5 060 Ft;1648;4 450 Ft;6322;2 310 Ft;13562;2 310 Ft;14;16;21;30;37;4;8
2019;14;2019.04.05.;0;0 EUR;1;893 119 EUR;0;26 028 035 Ft;1;1 840 350 Ft;16;91 700 Ft;26;38 265 Ft;49;23 060 Ft;719;6 790 Ft;707;7 830 Ft;1418;5 060 Ft;3956;3 525 Ft;11802;2 775 Ft;22;31;43;44;50;1;9
2019;13;2019.03.29.;0;0 EUR;0;830 333 EUR;0;29 187 930 Ft;3;1 621 550 Ft;20;63 580 Ft;33;29 910 Ft;37;21 705 Ft;1243;4 740 Ft;644;7 715 Ft;1744;4 015 Ft;3002;3 755 Ft;16893;2 170 Ft;4;9;15;24;42;8;9
2019;12;2019.03.22.;0;0 EUR;0;0 EUR;0;23 378 335 Ft;2;1 298 795 Ft;13;93 865 Ft;15;41 210 Ft;43;20 780 Ft;837;6 010 Ft;801;6 995 Ft;1284;5 085 Ft;4583;3 150 Ft;14984;2 370 Ft;15;20;24;44;49;7;9
2019;11;2019.03.15.;0;53 423 674 EUR;0;374 830 EUR;0;22 939 635 Ft;0;772 355 Ft;24;64 070 Ft;28;31 965 Ft;87;12 080 Ft;1095;4 625 Ft;1309;4 625 Ft;1585;4 365 Ft;6113;2 340 Ft;16157;2 140 Ft;1;2;11;19;47;2;7
2019;10;2019.03.08.;0;0 EUR;0;503 234 EUR;0;29 331 390 Ft;0;1 291 310 Ft;11;90 315 Ft;19;35 025 Ft;36;19 940 Ft;769;6 185 Ft;647;6 965 Ft;1334;4 970 Ft;3922;3 090 Ft;12050;2 570 Ft;4;29;30;31;45;1;7
2019;9;2019.03.01.;0;0 EUR;0;455 563 EUR;0;26 552 830 Ft;1;1 147 330 Ft;17;60 200 Ft;35;21 965 Ft;63;14 595 Ft;1028;4 480 Ft;906;5 260 Ft;2366;3 035 Ft;4255;2 715 Ft;13828;2 140 Ft;7;16;18;19;24;1;6
2019;8;2019.02.22.;0;0 EUR;0;1 684 414 EUR;0;85 905 105 Ft;0;1 684 410 Ft;20;83 780 Ft;35;30 230 Ft;42;24 275 Ft;686;5 980 Ft;471;8 090 Ft;1399;4 250 Ft;2909;3 845 Ft;11420;2 455 Ft;14;16;21;25;26;8;10
2019;7;2019.02.15.;0;0 EUR;0;323 184 EUR;0;82 412 135 Ft;0;1 772 295 Ft;16;85 080 Ft;19;39 910 Ft;29;22 020 Ft;673;6 125 Ft;667;7 340 Ft;1090;5 230 Ft;4299;3 210 Ft;12124;2 485 Ft;1;24;30;31;47;7;9
2019;6;2019.02.08.;0;63 248 942 EUR;0;590 259 EUR;0;40 137 620 Ft;3;991 040 Ft;24;57 540 Ft;43;27 745 Ft;55;15 435 Ft;1338;4 275 Ft;841;5 780 Ft;1985;3 990 Ft;4017;2 890 Ft;18412;1 965 Ft;5;8;21;24;26;4;5
2019;5;2019.02.01.;0;0 EUR;0;352 721 EUR;0;30 837 975 Ft;5;1 262 350 Ft;24;71 875 Ft;33;35 635 Ft;39;23 060 Ft;965;5 405 Ft;609;7 715 Ft;1378;4 915 Ft;3464;3 440 Ft;15124;2 285 Ft;6;29;38;45;47;2;3
2019;4;2019.01.25.;0;0 EUR;0;626 134 EUR;0;47 899 235 Ft;2;1 082 450 Ft;12;83 175 Ft;30;38 005 Ft;75;13 180 Ft;842;4 940 Ft;1306;4 940 Ft;1315;4 795 Ft;7205;2 255 Ft;14362;2 255 Ft;24;25;28;35;48;4;8
2019;3;2019.01.18.;0;0 EUR;0;443 318 EUR;1;13 913 355 Ft;7;782 990 Ft;42;57 280 Ft;51;25 025 Ft;119;12 310 Ft;1067;4 970 Ft;1619;5 060 Ft;1914;3 930 Ft;6920;2 715 Ft;14714;2 255 Ft;2;9;23;36;47;2;9
2019;2;2019.01.11.;0;0 EUR;0;816 622 EUR;0;20 823 865 Ft;2;1 291 395 Ft;17;80 080 Ft;30;35 260 Ft;67;17 540 Ft;780;5 750 Ft;954;6 070 Ft;1257;4 625 Ft;4936;2 830 Ft;13045;2 400 Ft;6;12;35;39;49;4;9
2019;1;2019.01.04.;0;0 EUR;1;384 190 EUR;0;31 349 910 Ft;1;1 187 470 Ft;29;59 650 Ft;45;28 640 Ft;39;18 120 Ft;1065;4 680 Ft;678;6 330 Ft;1750;4 105 Ft;3499;3 090 Ft;14274;2 140 Ft;3;10;25;32;43;1;3
2018;52;2018.12.28.;0;9 606 434 EUR;0;590 011 EUR;0;45 135 845 Ft;0;1 253 770 Ft;15;80 110 Ft;27;32 455 Ft;31;22 600 Ft;822;5 810 Ft;546;8 005 Ft;1542;4 510 Ft;2903;3 815 Ft;12865;2 455 Ft;19;24;31;38;40;7;10
2018;51;2018.12.21.;0;0 EUR;1;426 736 EUR;0;24 872 610 Ft;1;2 072 710 Ft;10;73 235 Ft;45;30 980 Ft;43;21 560 Ft;812;6 010 Ft;683;7 775 Ft;1645;4 305 Ft;3624;3 640 Ft;11558;2 630 Ft;3;16;20;34;49;2;10
2018;50;2018.12.14.;0;10 000 000 EUR;0;547 867 EUR;0;15 240 645 Ft;2;1 552 275 Ft;12;84 505 Ft;42;26 445 Ft;47;21 530 Ft;748;5 840 Ft;419;8 410 Ft;1601;3 815 Ft;2547;3 815 Ft;11498;2 660 Ft;4;14;24;26;30;9;10
2018;49;2018.12.07.;0;33 208 146 EUR;0;951 428 EUR;0;24 261 405 Ft;2;1 220 680 Ft;20;74 155 Ft;47;31 730 Ft;69;16 185 Ft;909;5 665 Ft;983;5 665 Ft;1563;4 770 Ft;4869;2 660 Ft;13696;2 430 Ft;4;16;21;31;42;4;6
2018;48;2018.11.30.;0;0 EUR;0;609 436 EUR;0;176 127 150 Ft;0;1 361 365 Ft;11;73 610 Ft;24;35 200 Ft;35;19 220 Ft;894;5 030 Ft;612;6 645 Ft;1155;4 825 Ft;3594;3 090 Ft;14567;2 225 Ft;18;22;35;36;41;3;4
2018;47;2018.11.23.;0;0 EUR;1;291 386 EUR;0;35 665 690 Ft;0;1 651 175 Ft;13;79 245 Ft;28;32 570 Ft;40;22 165 Ft;778;6 010 Ft;653;7 515 Ft;1617;4 275 Ft;3887;3 495 Ft;11912;2 570 Ft;17;22;28;31;46;5;10
2018;46;2018.11.16.;0;18 000 000 EUR;0;3 848 561 EUR;1;35 508 475 Ft;2;1 426 040 Ft;22;70 315 Ft;31;34 190 Ft;47;17 860 Ft;1097;5 175 Ft;836;6 125 Ft;2110;4 420 Ft;4535;2 950 Ft;16801;2 225 Ft;13;15;18;39;45;5;6
2018;45;2018.11.09.;0;0 EUR;0;7 529 076 EUR;1;34 864 585 Ft;2;960 435 Ft;22;70 890 Ft;38;35 430 Ft;67;15 895 Ft;1107;5 320 Ft;1040;5 605 Ft;1659;4 740 Ft;6361;2 515 Ft;16992;2 310 Ft;8;32;34;46;49;3;5
2018;44;2018.11.02.;0;0 EUR;0;3 100 089 EUR;1;22 448 250 Ft;1;1 781 600 Ft;35;63 610 Ft;88;22 830 Ft;40;21 590 Ft;1401;5 145 Ft;558;7 830 Ft;3018;3 615 Ft;3123;3 615 Ft;16928;2 400 Ft;5;17;27;33;42;9;10
2018;43;2018.10.26.;0;0 EUR;1;1 234 568 EUR;0;35 032 985 Ft;1;1 843 820 Ft;30;72 425 Ft;45;28 985 Ft;71;19 940 Ft;1141;5 060 Ft;822;7 050 Ft;2394;3 525 Ft;3990;3 495 Ft;16233;2 310 Ft;18;19;33;38;44;4;10
2018;42;2018.10.19.;0;0 EUR;0;172 489 EUR;0;13 889 975 Ft;0;1 629 065 Ft;43;50 895 Ft;58;27 685 Ft;56;17 830 Ft;1670;4 135 Ft;826;6 505 Ft;2171;4 135 Ft;3995;3 150 Ft;21432;1 965 Ft;9;12;28;32;48;7;8
2018;41;2018.10.12.;0;0 EUR;0;2 226 367 EUR;0;37 848 220 Ft;3;1 455 695 Ft;22;91 785 Ft;30;39 765 Ft;85;20 170 Ft;817;6 415 Ft;1260;6 415 Ft;1428;5 145 Ft;7359;2 805 Ft;13271;2 660 Ft;6;26;31;42;50;2;9
2018;40;2018.10.05.;0;0 EUR;0;493 312 EUR;1;25 158 925 Ft;2;762 380 Ft;34;67 595 Ft;48;31 445 Ft;91;14 160 Ft;1152;4 940 Ft;1154;5 085 Ft;1921;4 450 Ft;6155;2 400 Ft;14795;2 225 Ft;12;15;32;44;49;5;7
2018;39;2018.09.28.;0;0 EUR;0;454 542 EUR;0;30 908 895 Ft;0;1 507 740 Ft;26;64 825 Ft;67;20 895 Ft;43;20 895 Ft;926;5 605 Ft;528;8 065 Ft;2451;3 755 Ft;2709;3 755 Ft;12653;2 430 Ft;3;8;13;18;40;6;10
2018;38;2018.09.21.;0;0 EUR;0;580 434 EUR;0;35 522 550 Ft;1;1 794 055 Ft;26;87 915 Ft;32;35 720 Ft;44;21 215 Ft;811;6 100 Ft;763;7 515 Ft;1679;4 335 Ft;4057;3 555 Ft;13024;2 545 Ft;5;8;16;42;46;2;10
2018;37;2018.09.14.;0;0 EUR;0;1 634 210 EUR;0;27 781 570 Ft;1;1 736 340 Ft;18;69 245 Ft;24;30 720 Ft;51;16 880 Ft;741;5 345 Ft;736;6 415 Ft;1247;4 365 Ft;4143;2 950 Ft;11629;2 400 Ft;24;33;35;46;49;5;9
2018;36;2018.09.07.;0;0 EUR;0;522 991 EUR;0;16 003 550 Ft;1;1 270 095 Ft;25;64 420 Ft;56;24 160 Ft;37;17 685 Ft;789;5 260 Ft;586;6 590 Ft;2101;3 640 Ft;3032;3 120 Ft;10401;2 400 Ft;4;7;28;36;43;1;6
2018;35;2018.08.31.;0;30 920 808 EUR;1;96 645 EUR;2;7 085 325 Ft;5;439 395 Ft;57;32 890 Ft;99;13 700 Ft;110;9 305 Ft;1417;3 585 Ft;1279;4 160 Ft;2429;3 065 Ft;5830;2 255 Ft;17161;1 935 Ft;3;6;9;18;24;2;7
2018;34;2018.08.24.;0;0 EUR;1;1 002 723 EUR;0;29 222 205 Ft;1;1 585 685 Ft;16;73 665 Ft;37;29 015 Ft;37;17 660 Ft;833;5 175 Ft;606;6 560 Ft;1512;3 960 Ft;3537;3 210 Ft;11219;2 370 Ft;8;25;26;38;48;6;9
2018;33;2018.08.17.;0;0 EUR;0;369 648 EUR;0;37 704 125 Ft;2;1 396 450 Ft;25;64 390 Ft;40;32 310 Ft;47;16 760 Ft;1370;4 740 Ft;681;6 415 Ft;1707;4 510 Ft;3505;3 035 Ft;15994;2 140 Ft;2;12;32;43;44;3;4
2018;32;2018.08.10.;0;0 EUR;0;578 753 EUR;0;19 677 605 Ft;1;1 229 840 Ft;33;55 805 Ft;47;27 395 Ft;35;17 485 Ft;1157;4 250 Ft;563;6 505 Ft;1815;3 845 Ft;2851;3 235 Ft;15554;1 995 Ft;4;15;17;21;23;6;7
2018;31;2018.08.03.;0;0 EUR;0;332 426 EUR;1;12 109 795 Ft;5;763 655 Ft;43;35 460 Ft;48;18 845 Ft;41;15 460 Ft;1294;3 670 Ft;594;6 185 Ft;1894;3 380 Ft;2942;3 150 Ft;15337;1 905 Ft;4;8;12;25;31;7;8
2018;30;2018.07.27.;0;0 EUR;0;1 555 928 EUR;0;26 450 785 Ft;1;1 469 480 Ft;13;91 035 Ft;30;45 025 Ft;69;17 685 Ft;707;5 840 Ft;1000;5 840 Ft;1200;5 405 Ft;5940;2 455 Ft;11059;2 455 Ft;2;22;40;43;50;3;8
2018;29;2018.07.20.;0;22 736 889 EUR;0;582 528 EUR;0;89 126 820 Ft;3;2 122 040 Ft;24;79 560 Ft;23;37 830 Ft;66;18 065 Ft;1343;5 030 Ft;1004;6 735 Ft;1803;4 395 Ft;4639;3 180 Ft;17798;2 285 Ft;13;33;40;42;43;7;9
2018;28;2018.07.13.;0;0 EUR;0;896 645 EUR;0;60 971 890 Ft;3;1 195 505 Ft;24;65 400 Ft;44;30 460 Ft;65;14 450 Ft;1129;4 915 Ft;991;5 345 Ft;2099;4 160 Ft;4623;2 600 Ft;15178;2 195 Ft;13;14;21;34;46;2;5
2018;27;2018.07.06.;0;45 000 000 EUR;0;999 914 EUR;0;12 706 375 Ft;1;643 055 Ft;32;49 360 Ft;68;20 145 Ft;83;11 240 Ft;1238;4 335 Ft;1271;4 770 Ft;2159;3 815 Ft;6541;2 310 Ft;16153;2 170 Ft;2;7;24;38;45;5;8
2018;26;2018.06.29.;0;0 EUR;0;5 966 268 EUR;0;45 675 090 Ft;1;1 485 345 Ft;23;81 845 Ft;30;36 325 Ft;59;17 600 Ft;885;5 895 Ft;917;5 980 Ft;1642;4 825 Ft;4878;2 715 Ft;13129;2 455 Ft;9;18;30;47;48;4;6
2018;25;2018.06.22.;0;0 EUR;0;2 173 407 EUR;0;17 721 540 Ft;1;1 270 355 Ft;32;55 455 Ft;46;29 340 Ft;43;17 025 Ft;1241;4 570 Ft;629;6 535 Ft;1885;4 180 Ft;3320;3 140 Ft;16292;2 075 Ft;16;24;33;35;43;6;7
2018;24;2018.06.15.;0;0 EUR;0;853 136 EUR;0;8 675 275 Ft;2;846 860 Ft;57;31 530 Ft;132;13 885 Ft;79;13 885 Ft;1600;4 065 Ft;910;6 760 Ft;3036;3 225 Ft;4535;3 225 Ft;18784;2 130 Ft;1;5;7;9;21;3;10
2018;23;2018.06.08.;0;0 EUR;1;4 673 083 EUR;0;26 981 520 Ft;0;1 313 695 Ft;38;59 635 Ft;82;22 075 Ft;49;20 925 Ft;1348;5 075 Ft;592;7 685 Ft;2591;3 535 Ft;3201;3 535 Ft;16742;2 355 Ft;5;13;22;36;39;9;10
2018;22;2018.06.01.;0;0 EUR;0;7 318 844 EUR;0;25 657 810 Ft;3;934 315 Ft;24;72 090 Ft;39;32 200 Ft;130;11 810 Ft;1045;4 460 Ft;1857;4 460 Ft;1611;4 405 Ft;9561;2 105 Ft;15600;2 105 Ft;14;19;21;30;32;4;7
2018;21;2018.05.25.;0;0 EUR;0;2 327 357 EUR;0;27 368 470 Ft;2;1 209 040 Ft;14;84 320 Ft;20;38 290 Ft;51;16 465 Ft;709;5 555 Ft;923;5 555 Ft;1227;4 935 Ft;6188;2 410 Ft;12073;2 410 Ft;15;31;35;40;46;3;8
2018;20;2018.05.18.;0;0 EUR;0;632 321 EUR;1;35 771 325 Ft;5;1 391 085 Ft;43;68 835 Ft;67;31 895 Ft;125;13 465 Ft;1237;4 910 Ft;1665;4 910 Ft;2305;4 290 Ft;8175;2 300 Ft;17256;2 245 Ft;1;11;23;41;44;2;8
2018;19;2018.05.11.;0;0 EUR;0;702 147 EUR;0;14 895 530 Ft;2;1 219 500 Ft;39;59 015 Ft;88;21 765 Ft;53;17 925 Ft;1031;4 910 Ft;697;6 930 Ft;2652;3 365 Ft;3481;3 340 Ft;13111;2 300 Ft;3;14;17;37;39;5;10
2018;18;2018.05.04.;0;0 EUR;0;392 271 EUR;0;38 834 860 Ft;0;1 198 605 Ft;9;71 890 Ft;13;35 370 Ft;64;13 325 Ft;717;4 910 Ft;895;4 910 Ft;1118;4 600 Ft;5508;2 215 Ft;11613;2 215 Ft;24;26;29;36;49;3;6
2018;17;2018.04.27.;0;0 EUR;0;440 544 EUR;0;29 075 930 Ft;1;1 384 550 Ft;14;96 015 Ft;17;31 780 Ft;31;23 225 Ft;832;6 310 Ft;425;8 415 Ft;1457;4 235 Ft;2241;3 925 Ft;12555;2 610 Ft;9;21;31;32;33;9;10
2018;16;2018.04.20.;0;0 EUR;0;526 678 EUR;0;22 346 200 Ft;1;1 086 265 Ft;15;64 345 Ft;12;31 250 Ft;29;15 905 Ft;588;4 965 Ft;698;5 640 Ft;901;4 460 Ft;3789;2 695 Ft;11105;2 130 Ft;22;24;25;28;46;2;4
2018;15;2018.04.13.;0;0 EUR;0;321 585 EUR;0;53 061 540 Ft;1;1 473 915 Ft;25;65 050 Ft;49;27 740 Ft;52;20 365 Ft;1011;4 965 Ft;664;7 405 Ft;1824;3 785 Ft;2988;3 675 Ft;14143;2 245 Ft;3;10;21;25;34;7;10
2018;14;2018.04.06.;0;0 EUR;0;1 406 265 EUR;0;69 610 115 Ft;1;1 364 885 Ft;21;59 660 Ft;32;30 885 Ft;71;11 050 Ft;876;4 430 Ft;1057;4 430 Ft;1473;4 125 Ft;5442;2 105 Ft;12300;2 105 Ft;6;8;16;23;50;4;8
2018;13;2018.03.30.;0;0 EUR;0;343 149 EUR;0;33 971 750 Ft;7;707 730 Ft;35;49 955 Ft;53;25 580 Ft;92;10 155 Ft;1178;4 040 Ft;1135;4 040 Ft;1585;3 900 Ft;5403;2 160 Ft;13910;1 905 Ft;5;15;17;29;32;5;7
2018;12;2018.03.23.;0;17 461 478 EUR;0;425 220 EUR;0;18 807 975 Ft;3;911 875 Ft;32;64 935 Ft;114;18 935 Ft;60;18 935 Ft;910;5 835 Ft;695;7 155 Ft;2937;3 450 Ft;3516;3 450 Ft;11540;2 665 Ft;4;14;22;33;42;1;10
2018;11;2018.03.16.;0;0 EUR;0;0 EUR;0;144 213 915 Ft;0;1 657 615 Ft;20;82 550 Ft;15;36 970 Ft;32;18 455 Ft;801;5 075 Ft;553;6 480 Ft;1203;4 655 Ft;2768;2 975 Ft;13154;2 075 Ft;4;27;37;48;49;3;4
2018;10;2018.03.09.;0;42 670 719 EUR;0;317 860 EUR;0;31 468 200 Ft;3;419 570 Ft;24;43 195 Ft;29;23 195 Ft;109;9 200 Ft;872;4 010 Ft;1484;4 010 Ft;1469;3 845 Ft;8186;2 020 Ft;12835;2 020 Ft;15;23;28;33;36;4;7
2018;9;2018.03.02.;0;0 EUR;0;440 725 EUR;0;43 631 830 Ft;0;953 700 Ft;23;74 050 Ft;29;36 575 Ft;121;12 845 Ft;897;4 855 Ft;881;4 935 Ft;1223;4 350 Ft;4420;2 330 Ft;13089;2 105 Ft;16;18;20;27;46;3;5
2018;8;2018.02.23.;0;0 EUR;0;546 393 EUR;0;40 569 695 Ft;1;1 690 375 Ft;19;59 945 Ft;50;23 955 Ft;32;21 935 Ft;760;5 415 Ft;490;7 940 Ft;1695;3 870 Ft;2802;3 785 Ft;10398;2 495 Ft;18;26;33;42;46;4;10
2018;7;2018.02.16.;0;0 EUR;0;1 614 745 EUR;2;22 837 105 Ft;0;1 268 700 Ft;28;60 615 Ft;55;21 320 Ft;37;21 320 Ft;1171;5 105 Ft;423;8 415 Ft;2371;3 620 Ft;2424;3 620 Ft;13905;2 410 Ft;4;8;19;25;44;9;10
2018;6;2018.02.09.;0;90 000 000 EUR;0;3 520 586 EUR;1;47 111 040 Ft;3;942 200 Ft;16;75 790 Ft;30;35 990 Ft;99;13 575 Ft;1273;4 685 Ft;1676;4 685 Ft;2003;4 375 Ft;8396;2 215 Ft;20119;2 105 Ft;7;8;24;34;46;4;8
2018;5;2018.02.02.;0;0 EUR;0;2 921 419 EUR;0;66 391 795 Ft;2;1 301 770 Ft;25;66 420 Ft;50;31 835 Ft;60;19 100 Ft;1273;4 795 Ft;784;6 590 Ft;1855;4 405 Ft;4224;3 115 Ft;19841;2 130 Ft;15;24;29;33;41;7;8
2018;4;2018.01.26.;0;0 EUR;0;1 515 220 EUR;0;50 002 265 Ft;2;806 465 Ft;23;59 130 Ft;38;30 940 Ft;74;12 735 Ft;1014;4 490 Ft;1103;4 630 Ft;1487;4 265 Ft;6012;2 300 Ft;15788;2 050 Ft;10;23;26;29;35;3;5
2018;3;2018.01.19.;0;0 EUR;0;476 872 EUR;0;78 683 955 Ft;1;1 063 290 Ft;33;64 965 Ft;56;28 695 Ft;74;15 145 Ft;1364;4 825 Ft;1082;5 640 Ft;2034;3 870 Ft;5135;2 775 Ft;17119;2 160 Ft;3;9;17;45;47;4;9
2018;2;2018.01.12.;0;0 EUR;0;2 082 967 EUR;0;29 459 090 Ft;0;1 562 215 Ft;14;73 800 Ft;27;26 565 Ft;75;17 110 Ft;997;5 580 Ft;1436;5 580 Ft;1762;4 150 Ft;7922;2 580 Ft;15627;2 330 Ft;16;17;25;40;44;2;9
2018;1;2018.01.05.;0;0 EUR;0;452 853 EUR;0;22 416 240 Ft;2;1 868 020 Ft;19;81 260 Ft;22;35 260 Ft;28;22 720 Ft;653;5 890 Ft;489;7 740 Ft;1151;4 740 Ft;2698;3 620 Ft;11301;2 410 Ft;2;7;38;40;45;7;10
2017;52;2017.12.29.;0;0 EUR;0;1 664 701 EUR;0;82 402 735 Ft;2;1 277 535 Ft;20;83 085 Ft;27;39 380 Ft;52;18 935 Ft;682;5 890 Ft;559;6 590 Ft;1055;5 050 Ft;3418;2 890 Ft;10707;2 410 Ft;16;30;33;40;43;2;4
2017;51;2017.12.22.;0;0 EUR;0;1 476 716 EUR;0;39 152 945 Ft;0;1 338 545 Ft;11;91 220 Ft;21;39 240 Ft;35;18 820 Ft;529;6 170 Ft;492;6 790 Ft;1091;4 655 Ft;2766;3 055 Ft;8132;2 610 Ft;16;26;32;40;47;1;6
2017;50;2017.12.15.;0;0 EUR;0;0 EUR;0;19 396 855 Ft;0;754 320 Ft;17;47 685 Ft;36;23 000 Ft;41;16 270 Ft;798;4 125 Ft;519;5 975 Ft;1402;3 450 Ft;2650;3 115 Ft;11399;1 990 Ft;1;7;12;16;18;1;4
2017;49;2017.12.08.;0;0 EUR;0;321 831 EUR;1;42 481 780 Ft;1;1 573 380 Ft;11;78 005 Ft;32;33 210 Ft;32;16 800 Ft;617;5 470 Ft;497;6 085 Ft;1167;4 350 Ft;2565;2 890 Ft;9277;2 300 Ft;9;15;20;24;34;1;5
2017;48;2017.12.01.;0;0 EUR;1;416 053 EUR;0;15 445 985 Ft;0;1 056 110 Ft;14;848 210 Ft;28;30 460 Ft;30;13 100 Ft;608;4 880 Ft;722;4 880 Ft;1059;4 320 Ft;3899;2 270 Ft;9711;2 190 Ft;5;16;20;29;30;2;7
2017;47;2017.11.24.;0;10 000 000 EUR;0;1 242 185 EUR;0;24 377 835 Ft;0;1 692 900 Ft;7;66 480 Ft;21;35 485 Ft;39;18 430 Ft;807;4 600 Ft;471;6 450 Ft;1090;4 350 Ft;2356;3 085 Ft;11874;1 990 Ft;11;16;18;22;43;7;8
2017;46;2017.11.17.;0;10 000 000 EUR;0;0 EUR;0;62 031 705 Ft;1;1 426 005 Ft;11;77 055 Ft;26;32 985 Ft;43;14 980 Ft;632;5 160 Ft;675;5 160 Ft;1214;4 350 Ft;3654;2 410 Ft;10737;2 190 Ft;3;4;17;41;47;2;5
2017;45;2017.11.10.;0;23 425 613 EUR;0;919 573 EUR;0;70 558 375 Ft;1;1 271 310 Ft;10;77 950 Ft;29;33 435 Ft;35;21 740 Ft;767;5 415 Ft;419;7 855 Ft;1260;4 235 Ft;2497;3 705 Ft;12072;2 270 Ft;1;14;17;24;50;8;9
2017;44;2017.11.03.;0;0 EUR;0;0 EUR;0;131 996 430 Ft;0;1 912 980 Ft;5;96 100 Ft;14;41 880 Ft;17;22 440 Ft;404;6 340 Ft;355;7 515 Ft;847;5 300 Ft;2027;3 310 Ft;7961;2 495 Ft;2;35;44;45;50;6;7
2017;43;2017.10.27.;0;0 EUR;0;1 289 927 EUR;0;11 609 335 Ft;0;1 373 130 Ft;20;83 815 Ft;21;37 560 Ft;30;18 850 Ft;570;5 525 Ft;474;6 310 Ft;1053;4 710 Ft;2402;2 915 Ft;9675;2 270 Ft;2;20;23;29;50;4;5
2017;42;2017.10.20.;0;41 570 496 EUR;0;435 251 EUR;0;28 726 595 Ft;0;1 367 915 Ft;9;69 675 Ft;24;31 330 Ft;38;16 185 Ft;558;5 330 Ft;515;6 225 Ft;1073;4 350 Ft;2886;3 000 Ft;8625;2 385 Ft;1;10;25;46;49;1;6
2017;41;2017.10.13.;0;0 EUR;0;817 025 EUR;1;40 442 715 Ft;0;1 585 975 Ft;14;79 800 Ft;14;38 035 Ft;26;21 540 Ft;527;6 365 Ft;570;6 650 Ft;1023;5 215 Ft;3078;3 030 Ft;9512;2 665 Ft;9;40;43;44;46;1;8
2017;40;2017.10.06.;0;0 EUR;0;1 393 936 EUR;0;27 599 940 Ft;1;1 243 230 Ft;21;71 865 Ft;43;27 685 Ft;42;17 080 Ft;843;5 105 Ft;566;6 060 Ft;1626;4 040 Ft;2886;2 860 Ft;10854;2 270 Ft;5;17;28;40;44;1;8
2017;39;2017.09.29.;0;0 EUR;0;446 711 EUR;0;26 534 655 Ft;1;1 381 995 Ft;21;66 225 Ft;48;25 860 Ft;39;20 925 Ft;855;4 825 Ft;478;7 460 Ft;1562;3 730 Ft;2489;3 730 Ft;11179;2 245 Ft;2;12;15;29;44;7;10
2017;38;2017.09.22.;0;0 EUR;0;1 281 937 EUR;0;42 303 915 Ft;1;1 175 100 Ft;17;74 360 Ft;27;32 285 Ft;51;14 110 Ft;726;5 215 Ft;675;5 215 Ft;1258;4 515 Ft;3917;2 440 Ft;11152;2 245 Ft;10;17;32;36;47;2;5
2017;37;2017.09.15.;0;15 363 349 EUR;1;308 244 EUR;0;21 797 260 Ft;4;373 965 Ft;26;50 460 Ft;38;23 675 Ft;121;8 245 Ft;963;3 900 Ft;1655;3 900 Ft;1309;3 900 Ft;8118;1 965 Ft;12257;1 965 Ft;15;22;29;33;47;3;7
2017;36;2017.09.08.;0;0 EUR;0;447 913 EUR;0;26 606 070 Ft;0;1 927 960 Ft;12;92 145 Ft;19;41 935 Ft;16;20 590 Ft;581;5 920 Ft;374;6 870 Ft;958;5 275 Ft;2453;2 975 Ft;9720;2 440 Ft;11;38;40;42;48;4;5
2017;35;2017.09.01.;0;0 EUR;0;642 089 EUR;1;9 779 490 Ft;1;830 925 Ft;31;44 545 Ft;56;18 175 Ft;64;12 425 Ft;1056;3 785 Ft;764;4 965 Ft;2069;3 055 Ft;3404;2 665 Ft;13265;1 905 Ft;3;4;9;19;28;1;7
2017;34;2017.08.25.;0;0 EUR;0;407 221 EUR;0;20 157 430 Ft;1;1 007 865 Ft;28;69 900 Ft;38;31 810 Ft;50;17 420 Ft;628;5 780 Ft;646;6 565 Ft;1123;4 600 Ft;3492;3 030 Ft;10105;2 440 Ft;11;20;28;41;45;5;9
2017;33;2017.08.18.;0;47 357 065 EUR;2;415 861 EUR;1;54 893 710 Ft;0;1 338 855 Ft;31;80 980 Ft;28;40 390 Ft;44;16 800 Ft;658;5 525 Ft;698;5 525 Ft;1175;4 880 Ft;4197;2 330 Ft;10522;2 330 Ft;1;4;20;32;34;3;6
2017;32;2017.08.11.;0;0 EUR;0;2 737 236 EUR;0;37 195 450 Ft;0;1 239 840 Ft;24;70 715 Ft;22;36 635 Ft;56;16 130 Ft;1011;4 995 Ft;727;5 890 Ft;1577;4 405 Ft;3024;2 915 Ft;15179;2 075 Ft;13;14;21;23;40;1;3
2017;31;2017.08.04.;0;0 EUR;0;0 EUR;0;69 835 890 Ft;0;1 605 415 Ft;6;84 795 Ft;13;38 290 Ft;32;16 465 Ft;626;5 610 Ft;603;5 610 Ft;1064;4 795 Ft;3562;2 525 Ft;9390;2 385 Ft;18;39;44;46;47;4;6
2017;30;2017.07.28.;0;0 EUR;0;0 EUR;0;21 644 445 Ft;3;1 202 445 Ft;15;71 330 Ft;16;34 865 Ft;32;19 130 Ft;606;5 555 Ft;420;6 510 Ft;1112;4 515 Ft;2588;2 945 Ft;8584;2 410 Ft;14;18;26;40;45;1;5
2017;29;2017.07.21.;0;0 EUR;0;0 EUR;1;24 730 505 Ft;0;1 472 035 Ft;12;70 235 Ft;23;37 810 Ft;28;19 465 Ft;667;5 020 Ft;421;7 040 Ft;956;4 770 Ft;2384;3 310 Ft;11168;2 105 Ft;27;35;36;38;48;2;3
2017;28;2017.07.14.;0;0 EUR;0;410 780 EUR;1;12 200 180 Ft;3;1 768 130 Ft;35;52 650 Ft;38;24 850 Ft;26;22 890 Ft;1123;4 655 Ft;508;8 275 Ft;1592;3 985 Ft;2700;3 985 Ft;14816;2 130 Ft;3;9;25;31;49;8;9
2017;27;2017.07.07.;0;46 505 018 EUR;0;801 352 EUR;1;29 666 810 Ft;0;1 511 110 Ft;13;76 995 Ft;25;30 965 Ft;37;18 455 Ft;633;5 300 Ft;633;6 730 Ft;1260;3 925 Ft;3400;3 200 Ft;10915;2 300 Ft;15;16;17;23;30;6;9
2017;26;2017.06.30.;0;0 EUR;0;299 394 EUR;0;49 400 090 Ft;4;796 760 Ft;32;45 415 Ft;32;25 215 Ft;60;11 165 Ft;1043;4 210 Ft;985;4 350 Ft;1421;3 845 Ft;4827;2 105 Ft;12714;2 050 Ft;1;3;11;18;31;3;6
2017;25;2017.06.23.;0;0 EUR;0;531 211 EUR;0;16 876 535 Ft;0;608 150 Ft;25;41 235 Ft;42;21 460 Ft;49;12 650 Ft;1060;3 845 Ft;721;5 105 Ft;1692;3 480 Ft;3391;2 665 Ft;13295;1 935 Ft;6;14;19;27;35;2;4
2017;24;2017.06.16.;0;0 EUR;0;0 EUR;0;42 645 790 Ft;2;1 470 520 Ft;13;79 295 Ft;10;39 215 Ft;35;17 390 Ft;617;5 525 Ft;599;5 860 Ft;1009;4 740 Ft;3310;2 750 Ft;9931;2 300 Ft;1;24;25;31;38;1;7
2017;23;2017.06.09.;0;0 EUR;0;246 729 EUR;0;30 532 705 Ft;0;782 875 Ft;10;63 255 Ft;29;27 825 Ft;57;12 370 Ft;757;4 545 Ft;913;4 545 Ft;1421;3 900 Ft;4614;2 245 Ft;11511;2 050 Ft;13;17;20;24;47;5;8
2017;22;2017.06.02.;0;0 EUR;0;304 941 EUR;0;40 252 225 Ft;1;1 548 135 Ft;7;73 015 Ft;34;29 285 Ft;34;17 025 Ft;608;5 215 Ft;460;6 310 Ft;1270;4 010 Ft;2630;2 975 Ft;8968;2 330 Ft;2;4;17;20;46;1;8
2017;21;2017.05.26.;0;50 270 035 EUR;0;228 137 EUR;2;4 272 940 Ft;0;1 549 985 Ft;50;49 815 Ft;70;18 175 Ft;88;15 205 Ft;1338;4 180 Ft;836;6 450 Ft;2601;3 140 Ft;3911;3 140 Ft;15088;2 190 Ft;3;11;13;15;23;1;9
2017;20;2017.05.19.;0;0 EUR;0;516 438 EUR;0;38 345 530 Ft;0;1 460 760 Ft;11;78 510 Ft;21;34 475 Ft;42;18 090 Ft;727;5 750 Ft;621;6 005 Ft;1353;4 685 Ft;3405;2 695 Ft;10075;2 470 Ft;22;33;41;46;50;2;6
2017;19;2017.05.12.;0;0 EUR;0;731 856 EUR;0;16 100 810 Ft;1;1 341 715 Ft;15;65 555 Ft;29;31 275 Ft;30;20 785 Ft;772;5 135 Ft;432;7 435 Ft;1580;3 985 Ft;2521;3 420 Ft;11089;2 330 Ft;7;14;31;35;46;1;2
2017;18;2017.05.05.;0;0 EUR;0;1 374 940 EUR;1;137 158 105 Ft;1;1 523 955 Ft;23;64 570 Ft;43;30 490 Ft;46;16 860 Ft;1052;4 825 Ft;696;5 835 Ft;1774;4 150 Ft;3095;2 805 Ft;12534;2 190 Ft;8;11;23;41;42;6;8
2017;17;2017.04.28.;0;0 EUR;0;0 EUR;0;45 026 700 Ft;2;1 364 435 Ft;9;91 245 Ft;19;44 770 Ft;36;16 465 Ft;674;5 525 Ft;762;5 525 Ft;933;5 275 Ft;4453;2 270 Ft;12039;2 270 Ft;3;38;39;41;45;3;5
2017;16;2017.04.21.;0;0 EUR;0;322 331 EUR;0;42 547 755 Ft;1;1 772 815 Ft;11;82 325 Ft;13;39 550 Ft;39;19 270 Ft;537;5 945 Ft;544;6 675 Ft;1029;5 050 Ft;3068;3 000 Ft;10010;2 440 Ft;27;31;44;46;49;6;8
2017;15;2017.04.14.;0;86 970 702 EUR;0;821 662 EUR;0;24 403 360 Ft;1;1 452 570 Ft;20;72 535 Ft;39;29 060 Ft;24;18 010 Ft;740;5 020 Ft;505;6 425 Ft;1580;4 095 Ft;3001;3 055 Ft;10581;2 300 Ft;6;22;33;46;49;1;5
2017;14;2017.04.07.;0;0 EUR;1;374 807 EUR;0;27 829 470 Ft;1;1 141 720 Ft;16;80 645 Ft;20;38 065 Ft;67;15 315 Ft;655;5 385 Ft;896;5 385 Ft;1126;4 825 Ft;5055;2 330 Ft;10560;2 330 Ft;10;27;43;45;46;4;8
2017;13;2017.03.31.;0;0 EUR;0;489 804 EUR;0;48 490 595 Ft;0;1 436 750 Ft;10;80 925 Ft;29;36 215 Ft;38;18 795 Ft;658;5 640 Ft;564;6 535 Ft;1318;4 430 Ft;3237;2 890 Ft;10592;2 385 Ft;8;14;34;40;44;1;7
2017;12;2017.03.24.;0;0 EUR;1;578 497 EUR;0;34 362 735 Ft;0;1 507 125 Ft;10;87 935 Ft;8;40 170 Ft;55;17 110 Ft;555;5 665 Ft;1217;5 665 Ft;892;4 910 Ft;7916;2 385 Ft;9702;2 385 Ft;25;26;30;36;44;3;9
2017;11;2017.03.17.;0;0 EUR;0;178 022 EUR;0;26 436 285 Ft;1;1 888 300 Ft;24;44 460 Ft;35;25 300 Ft;33;19 495 Ft;921;4 265 Ft;451;6 675 Ft;1355;4 010 Ft;2487;3 170 Ft;12208;2 020 Ft;3;16;25;38;45;7;8
2017;10;2017.03.10.;0;0 EUR;0;372 000 EUR;0;49 104 020 Ft;1;1 636 775 Ft;17;73 040 Ft;15;36 715 Ft;40;19 550 Ft;715;4 880 Ft;437;6 790 Ft;1113;4 655 Ft;2662;3 140 Ft;12636;2 105 Ft;13;18;20;35;46;7;8
2017;9;2017.03.03.;0;0 EUR;0;468 753 EUR;0;15 468 845 Ft;3;1 325 895 Ft;27;49 760 Ft;42;18 710 Ft;59;18 400 Ft;867;4 460 Ft;697;7 040 Ft;1999;3 255 Ft;3182;3 255 Ft;12331;2 190 Ft;3;7;16;18;25;2;10
2017;8;2017.02.24.;0;0 EUR;0;188 021 EUR;0;6 204 690 Ft;2;851 600 Ft;42;33 660 Ft;89;13 435 Ft;48;13 435 Ft;1064;3 815 Ft;601;5 640 Ft;2400;2 915 Ft;3056;2 860 Ft;13724;1 905 Ft;1;7;13;19;20;6;8
2017;7;2017.02.17.;0;0 EUR;0;216 658 EUR;0;25 739 045 Ft;0;1 159 390 Ft;22;45 945 Ft;40;26 620 Ft;39;17 025 Ft;878;4 710 Ft;553;6 030 Ft;1932;4 065 Ft;2795;2 860 Ft;11655;2 105 Ft;7;18;19;40;49;5;6
2017;6;2017.02.10.;1;22 569 527 EUR;0;568 323 EUR;0;56 264 035 Ft;3;1 148 225 Ft;38;58 875 Ft;68;29 480 Ft;69;14 275 Ft;1152;4 825 Ft;962;5 020 Ft;2069;4 180 Ft;4335;2 385 Ft;15162;2 130 Ft;13;23;31;42;44;2;5
2017;5;2017.02.03.;0;0 EUR;0;398 732 EUR;0;52 632 655 Ft;0;1 119 840 Ft;24;62 075 Ft;31;32 820 Ft;35;16 495 Ft;1030;4 350 Ft;602;5 860 Ft;1287;4 350 Ft;3097;2 805 Ft;14473;1 935 Ft;4;5;17;39;47;3;4
2017;4;2017.01.27.;0;0 EUR;0;723 952 EUR;0;47 780 820 Ft;3;1 493 130 Ft;19;67 290 Ft;30;28 805 Ft;63;17 080 Ft;1088;4 600 Ft;787;6 510 Ft;1383;4 010 Ft;3882;3 200 Ft;14505;2 050 Ft;12;15;19;29;48;7;9
2017;3;2017.01.20.;0;0 EUR;0;695 022 EUR;0;45 871 455 Ft;1;777 460 Ft;11;71 670 Ft;19;36 690 Ft;78;11 530 Ft;802;4 515 Ft;992;4 515 Ft;1238;4 350 Ft;5268;2 215 Ft;11994;2 130 Ft;5;23;25;35;40;5;8
2017;2;2017.01.13.;0;0 EUR;0;483 921 EUR;0;28 744 940 Ft;0;1 916 320 Ft;6;100 025 Ft;19;37 445 Ft;25;19 745 Ft;495;6 200 Ft;472;6 650 Ft;1195;4 770 Ft;2722;2 975 Ft;8577;2 555 Ft;2;21;26;44;45;1;6
2017;1;2017.01.06.;0;18 000 000 EUR;1;596 446 EUR;1;10 410 840 Ft;4;439 265 Ft;58;29 735 Ft;56;17 755 Ft;111;8 975 Ft;1899;3 255 Ft;1225;4 235 Ft;2366;3 255 Ft;4963;2 330 Ft;19116;1 795 Ft;7;14;23;27;35;3;5
2016;52;2016.12.30.;0;0 EUR;0;2 656 767 EUR;0;60 353 305 Ft;3;1 524 070 Ft;14;86 450 Ft;23;36 325 Ft;38;22 355 Ft;662;6 365 Ft;701;7 545 Ft;1215;4 855 Ft;4262;3 420 Ft;11704;2 635 Ft;27;30;45;47;50;1;9
2016;51;2016.12.23.;0;0 EUR;0;662 337 EUR;0;43 714 300 Ft;1;1 214 285 Ft;32;56 605 Ft;43;30 545 Ft;46;16 860 Ft;1479;4 460 Ft;694;6 115 Ft;1908;4 405 Ft;3725;2 860 Ft;19642;2 020 Ft;13;27;30;42;46;3;4
2016;50;2016.12.16.;0;0 EUR;0;696 069 EUR;0;29 533 230 Ft;1;1 531 335 Ft;13;75 340 Ft;23;31 080 Ft;40;17 980 Ft;667;5 275 Ft;625;6 060 Ft;1454;4 065 Ft;3523;2 835 Ft;12184;2 105 Ft;2;3;24;25;34;6;8
2016;49;2016.12.09.;0;0 EUR;0;607 948 EUR;0;36 112 130 Ft;0;1 253 890 Ft;18;70 880 Ft;41;29 395 Ft;57;19 550 Ft;1023;5 330 Ft;710;7 265 Ft;1914;3 925 Ft;3586;3 535 Ft;12958;2 385 Ft;12;17;29;44;50;2;10
2016;48;2016.12.02.;0;0 EUR;0;568 696 EUR;0;84 451 455 Ft;0;1 223 935 Ft;12;86 310 Ft;20;40 170 Ft;57;14 980 Ft;727;5 275 Ft;1040;5 275 Ft;1041;5 135 Ft;7274;2 270 Ft;10580;2 270 Ft;1;20;39;48;50;3;7
2016;47;2016.11.25.;0;0 EUR;0;376 417,40 EUR;0;37 265 325 Ft;1;1 380 170 Ft;10;84 685 Ft;29;33 410 Ft;23;20 055 Ft;551;5 890 Ft;406;6 535 Ft;1599;4 150 Ft;2363;3 055 Ft;8674;2 495 Ft;19;28;34;45;49;1;6
2016;46;2016.11.18.;0;0 EUR;0;280 478,30 EUR;0;46 278 910 Ft;1;1 542 610 Ft;13;80 085 Ft;35;30 100 Ft;38;16 885 Ft;563;5 415 Ft;474;6 145 Ft;1496;3 925 Ft;2442;3 000 Ft;8487;2 355 Ft;7;10;16;32;40;1;6
2016;45;2016.11.11.;0;0 EUR;0;666 056,20 EUR;0;65 939 545 Ft;1;1 373 720 Ft;9;106 925 Ft;10;45 160 Ft;29;20 475 Ft;496;6 255 Ft;504;6 620 Ft;956;5 275 Ft;2588;3 000 Ft;9153;2 410 Ft;1;16;18;42;47;6;8
2016;44;2016.11.04.;0;0 EUR;0;432 594,10 EUR;0;32 120 110 Ft;0;1 647 180 Ft;11;96 100 Ft;19;36 775 Ft;28;23 255 Ft;491;6 310 Ft;484;7 685 Ft;865;4 685 Ft;2585;3 645 Ft;8173;2 525 Ft;14;15;16;22;50;2;10
2016;43;2016.10.28.;0;0 EUR;0;106 182,20 EUR;0;29 784 105 Ft;3;431 635 Ft;19;38 960 Ft;21;19 580 Ft;77;9 620 Ft;747;4 010 Ft;615;5 160 Ft;1291;3 480 Ft;2358;2 975 Ft;10085;2 050 Ft;1;4;6;12;13;1;6
2016;42;2016.10.21.;0;10 549 199,70 EUR;0;220 977,10 EUR;0;16 407 540 Ft;2;1 215 350 Ft;8;61 035 Ft;23;27 995 Ft;92;13 270 Ft;695;4 515 Ft;1298;5 050 Ft;1040;3 785 Ft;7312;2 410 Ft;10020;2 215 Ft;14;16;28;34;35;3;9
2016;41;2016.10.14.;0;90 000 000 EUR;0;2 780 570,90 EUR;0;30 580 865 Ft;2;919 085 Ft;27;59 215 Ft;64;26 310 Ft;76;12 930 Ft;1217;4 740 Ft;1180;4 855 Ft;2131;3 985 Ft;5462;2 330 Ft;16725;2 105 Ft;7;10;25;39;42;3;6
2016;40;2016.10.07.;0;0 EUR;0;4 079 856,90 EUR;0;31 018 225 Ft;1;1 694 975 Ft;21;83 675 Ft;23;36 495 Ft;40;20 895 Ft;794;6 085 Ft;668;7 180 Ft;1481;4 685 Ft;4175;3 225 Ft;12695;2 525 Ft;1;10;20;43;44;6;9
2016;39;2016.09.30.;0;0 EUR;0;2 404 162,60 EUR;0;29 751 485 Ft;0;1 763 025 Ft;12;89 675 Ft;30;34 305 Ft;27;23 030 Ft;790;5 780 Ft;502;7 910 Ft;1697;4 290 Ft;2756;3 705 Ft;12680;2 410 Ft;4;28;29;39;44;8;10
2016;38;2016.09.23.;0;0 EUR;0;498 907,50 EUR;0;16 463 950 Ft;1;844 305 Ft;14;60 530 Ft;51;23 195 Ft;79;14 135 Ft;995;4 515 Ft;1005;4 910 Ft;1969;3 675 Ft;5343;2 385 Ft;13671;2 075 Ft;1;7;23;25;45;5;8
2016;37;2016.09.16.;0;0 EUR;1;346 062,40 EUR;0;24 471 550 Ft;2;1 119 590 Ft;16;66 985 Ft;35;31 275 Ft;44;14 810 Ft;812;4 995 Ft;685;5 360 Ft;1429;4 265 Ft;3798;2 495 Ft;11639;2 215 Ft;15;28;30;37;43;2;5
2016;36;2016.09.09.;0;0 EUR;0;757 473,20 EUR;0;71 401 555 Ft;0;1 612 680 Ft;13;90 880 Ft;22;28 920 Ft;24;23 535 Ft;616;5 665 Ft;404;8 275 Ft;1769;3 815 Ft;2198;3 815 Ft;9127;2 495 Ft;11;27;34;35;39;6;10
2016;35;2016.09.02.;0;0 EUR;0;684 982,70 EUR;0;0 Ft;0;1 738 790 Ft;18;84 935 Ft;21;36 410 Ft;24;19 805 Ft;556;5 890 Ft;508;6 535 Ft;1219;4 685 Ft;2607;3 000 Ft;8946;2 495 Ft;15;28;30;42;50;1;8
2016;34;2016.08.26.;0;0 EUR;0;614 363,80 EUR;0;30 410 995 Ft;1;1 930 850 Ft;8;73 715 Ft;30;34 305 Ft;49;17 280 Ft;844;5 160 Ft;782;5 780 Ft;1303;4 095 Ft;4028;2 835 Ft;12434;2 130 Ft;4;8;9;33;43;5;9
2016;33;2016.08.19.;0;0 EUR;0;1 186 893,40 EUR;0;39 167 475 Ft;0;2 447 950 Ft;12;100 420 Ft;27;34 305 Ft;26;26 000 Ft;513;6 480 Ft;381;8 780 Ft;1315;4 405 Ft;2077;4 150 Ft;8211;2 720 Ft;22;33;42;43;46;6;10
2016;32;2016.08.12.;0;0 EUR;0;1 155 687,70 EUR;0;28 675 375 Ft;0;1 365 475 Ft;24;62 550 Ft;41;27 295 Ft;27;18 710 Ft;670;4 965 Ft;434;6 675 Ft;1331;3 900 Ft;2201;3 255 Ft;9327;2 215 Ft;6;15;18;21;38;1;4
2016;31;2016.08.05.;0;0 EUR;0;0 EUR;0;114 124 650 Ft;0;704 450 Ft;13;61 010 Ft;19;30 685 Ft;58;12 595 Ft;869;4 405 Ft;689;4 655 Ft;1243;4 095 Ft;3407;2 355 Ft;11069;2 020 Ft;5;11;12;30;40;2;5
2016;30;2016.07.29.;0;84 777 435,80 EUR;0;241 736,40 EUR;1;14 625 045 Ft;1;1 309 685 Ft;24;59 100 Ft;56;19 915 Ft;51;18 120 Ft;952;5 050 Ft;667;6 845 Ft;2464;3 420 Ft;3486;3 340 Ft;12276;2 385 Ft;4;8;22;36;44;5;10
2016;29;2016.07.22.;0;0 EUR;1;417 118,90 EUR;0;51 618 450 Ft;1;1 166 515 Ft;17;64 910 Ft;38;29 255 Ft;30;16 635 Ft;753;4 910 Ft;641;5 975 Ft;1310;4 265 Ft;3521;2 805 Ft;11236;2 245 Ft;6;14;20;26;46;2;4
2016;28;2016.07.15.;0;0 EUR;0;1 844 221,60 EUR;0;36 515 575 Ft;1;1 352 405 Ft;9;76 690 Ft;33;33 910 Ft;83;15 400 Ft;790;5 525 Ft;1253;5 580 Ft;1335;4 405 Ft;6699;2 665 Ft;12195;2 330 Ft;12;22;36;38;50;2;9
2016;27;2016.07.08.;0;0 EUR;1;532 106 EUR;0;15 803 540 Ft;1;1 951 045 Ft;24;82 860 Ft;46;27 460 Ft;40;20 675 Ft;750;5 835 Ft;604;7 630 Ft;1926;4 095 Ft;3063;3 535 Ft;10688;2 525 Ft;4;19;21;31;42;5;10
2016;26;2016.07.01.;0;0 EUR;0;497 203,30 EUR;0;73 834 695 Ft;3;1 968 915 Ft;15;84 375 Ft;18;41 400 Ft;34;18 990 Ft;690;5 805 Ft;536;6 425 Ft;1039;5 020 Ft;3228;2 835 Ft;10732;2 385 Ft;29;37;38;47;50;2;4
2016;25;2016.06.24.;0;0 EUR;0;1 316 493,60 EUR;0;43 444 290 Ft;1;1 888 860 Ft;21;83 170 Ft;41;35 595 Ft;25;21 655 Ft;645;6 200 Ft;453;6 845 Ft;1521;4 630 Ft;2628;3 115 Ft;9758;2 495 Ft;19;21;24;41;48;1;6
2016;24;2016.06.17.;0;0 EUR;0;472 273,80 EUR;0;30 141 715 Ft;1;1 339 610 Ft;9;69 145 Ft;23;30 605 Ft;41;18 315 Ft;823;4 855 Ft;527;6 005 Ft;1235;4 180 Ft;2839;2 890 Ft;12706;2 050 Ft;16;18;19;23;44;1;3
2016;23;2016.06.10.;0;0 EUR;0;0 EUR;1;18 868 085 Ft;0;1 451 390 Ft;9;74 780 Ft;42;25 750 Ft;34;21 460 Ft;789;5 275 Ft;449;8 105 Ft;1646;3 815 Ft;2164;3 815 Ft;10759;2 270 Ft;11;12;26;28;37;8;10
2016;22;2016.06.03.;0;0 EUR;0;538 743,40 EUR;0;106 671 205 Ft;0;1 777 835 Ft;13;76 715 Ft;24;30 940 Ft;35;20 955 Ft;692;5 415 Ft;500;7 350 Ft;1307;4 125 Ft;2806;3 480 Ft;10020;2 440 Ft;13;20;32;34;47;6;9
2016;21;2016.05.27.;0;0 EUR;0;251 130,90 EUR;0;9 944 765 Ft;2;736 650 Ft;17;59 075 Ft;27;24 095 Ft;31;15 285 Ft;745;5 050 Ft;792;5 640 Ft;1136;3 845 Ft;4184;2 750 Ft;10646;2 245 Ft;4;10;26;33;48;5;9
2016;20;2016.05.20.;0;0 EUR;0;331 489,90 EUR;0;49 226 235 Ft;3;886 940 Ft;12;62 300 Ft;26;33 185 Ft;88;10 630 Ft;707;4 065 Ft;1238;4 065 Ft;1231;4 010 Ft;6367;1 935 Ft;10825;1 935 Ft;6;19;23;33;34;4;7
2016;19;2016.05.13.;0;10 000 000 EUR;0;1 053 778,20 EUR;0;34 774 680 Ft;0;1 390 970 Ft;6;106 085 Ft;25;36 155 Ft;26;23 310 Ft;441;7 210 Ft;426;8 105 Ft;1209;4 490 Ft;2507;3 645 Ft;7207;2 915 Ft;6;7;36;39;40;1;10
2016;18;2016.05.06.;0;14 476 862,80 EUR;0;352 345,60 EUR;0;14 949 500 Ft;0;1 516 605 Ft;13;61 175 Ft;44;23 310 Ft;23;23 310 Ft;562;5 360 Ft;323;9 200 Ft;1376;4 065 Ft;1682;4 065 Ft;7083;2 610 Ft;12;24;38;45;46;6;10
2016;17;2016.04.29.;0;0 EUR;0;544 175 EUR;0;53 873 305 Ft;0;1 795 760 Ft;11;67 320 Ft;35;28 555 Ft;28;21 120 Ft;547;5 050 Ft;448;7 965 Ft;1062;3 815 Ft;2300;3 815 Ft;7723;2 555 Ft;10;14;20;24;40;2;10
2016;16;2016.04.22.;0;29 071 164,30 EUR;0;426 725,40 EUR;0;63 368 710 Ft;0;1 408 165 Ft;12;85 050 Ft;26;32 875 Ft;25;21 065 Ft;618;5 525 Ft;358;7 490 Ft;1219;4 405 Ft;2083;3 365 Ft;9501;2 330 Ft;5;28;31;33;49;1;2
2016;15;2016.04.15.;0;0 EUR;0;615 935,80 EUR;0;40 651 745 Ft;0;1 693 800 Ft;20;65 555 Ft;17;32 510 Ft;29;18 820 Ft;675;4 965 Ft;357;6 650 Ft;1227;4 405 Ft;1939;3 200 Ft;10083;2 130 Ft;1;5;17;39;46;6;7
2016;14;2016.04.08.;0;0 EUR;0;578 888,20 EUR;0;57 309 935 Ft;0;1 528 250 Ft;12;75 400 Ft;15;39 605 Ft;34;17 110 Ft;550;5 415 Ft;508;6 145 Ft;947;4 910 Ft;2636;2 860 Ft;8249;2 385 Ft;1;2;16;31;50;1;7
2016;13;2016.04.01.;0;0 EUR;0;1 147 821,30 EUR;0;56 817 155 Ft;1;2 228 125 Ft;12;82 525 Ft;26;31 190 Ft;17;27 150 Ft;516;6 145 Ft;305;9 115 Ft;1028;4 405 Ft;1737;4 265 Ft;7834;2 580 Ft;6;12;21;40;49;8;10
2016;12;2016.03.25.;0;76 766 891,40 EUR;0;421 735,30 EUR;0;27 834 520 Ft;0;938 215 Ft;28;52 650 Ft;29;27 825 Ft;53;14 220 Ft;979;4 150 Ft;701;5 695 Ft;1345;4 150 Ft;3448;2 835 Ft;16199;1 965 Ft;9;10;19;20;35;3;4
2016;11;2016.03.18.;0;0 EUR;0;726 652,30 EUR;0;53 953 925 Ft;2;1 089 965 Ft;12;83 955 Ft;16;37 055 Ft;56;15 230 Ft;530;5 300 Ft;960;5 300 Ft;1033;4 630 Ft;6657;2 355 Ft;9096;2 355 Ft;10;20;35;47;50;4;7
2016;10;2016.03.11.;0;0 EUR;0;931 858,50 EUR;0;61 502 655 Ft;0;1 708 385 Ft;12;81 260 Ft;38;36 495 Ft;69;16 635 Ft;649;5 665 Ft;1180;5 665 Ft;1059;4 795 Ft;8274;2 440 Ft;10748;2 410 Ft;10;16;31;37;40;3;9
2016;9;2016.03.04.;0;0 EUR;0;198 145,80 EUR;1;13 077 610 Ft;3;1 112 970 Ft;39;42 410 Ft;62;18 400 Ft;59;17 280 Ft;1228;4 040 Ft;759;6 845 Ft;1956;3 395 Ft;3456;3 395 Ft;14773;2 050 Ft;2;5;10;13;28;3;10
2016;8;2016.02.26.;0;0 EUR;1;270 193,80 EUR;0;13 374 575 Ft;1;1 393 160 Ft;30;73 070 Ft;41;27 965 Ft;43;21 965 Ft;985;5 075 Ft;527;7 880 Ft;1956;3 760 Ft;2595;3 730 Ft;12659;2 270 Ft;9;11;19;42;45;7;10
2016;7;2016.02.19.;0;0 EUR;0;1 189 732,50 EUR;0;58 891 760 Ft;1;934 765 Ft;19;57 530 Ft;23;30 040 Ft;46;15 400 Ft;1007;4 265 Ft;491;5 610 Ft;1231;4 150 Ft;2706;2 775 Ft;14112;1 905 Ft;10;12;28;29;49;3;4
2016;6;2016.02.12.;0;0 EUR;0;556 439,90 EUR;0;13 771 875 Ft;0;1 311 590 Ft;39;58 595 Ft;82;26 145 Ft;31;20 475 Ft;1146;4 795 Ft;409;7 070 Ft;2249;3 900 Ft;2172;3 395 Ft;12265;2 215 Ft;7;20;21;33;41;1;2
2016;5;2016.02.05.;0;0 EUR;0;2 111 427,20 EUR;0;106 070 205 Ft;1;1 473 185 Ft;11;67 125 Ft;26;34 840 Ft;50;12 845 Ft;596;4 740 Ft;775;4 740 Ft;1037;4 490 Ft;4214;2 245 Ft;9092;2 160 Ft;10;25;35;37;43;5;8
2016;4;2016.01.29.;0;0 EUR;0;0 EUR;0;34 320 355 Ft;1;1 716 015 Ft;13;81 905 Ft;31;37 645 Ft;34;22 580 Ft;543;6 425 Ft;565;7 095 Ft;990;4 995 Ft;3147;3 115 Ft;8868;2 635 Ft;3;20;32;40;42;4;9
2016;3;2016.01.22.;0;19 379 323,30 EUR;0;1 134 075,70 EUR;0;112 273 490 Ft;1;1 496 970 Ft;17;74 500 Ft;28;30 350 Ft;61;16 775 Ft;856;4 910 Ft;702;6 060 Ft;1286;3 845 Ft;3507;3 000 Ft;11740;2 190 Ft;3;19;26;29;36;4;9
2016;2;2016.01.15.;0;0 EUR;0;1 080 486,70 EUR;0;13 371 015 Ft;1;1 550 240 Ft;16;67 965 Ft;48;22 720 Ft;38;21 180 Ft;707;5 415 Ft;519;7 630 Ft;1436;3 620 Ft;2842;3 620 Ft;10017;2 470 Ft;4;23;25;37;39;1;9
2016;1;2016.01.08.;0;0 EUR;0;514 927,70 EUR;0;50 977 845 Ft;1;1 258 690 Ft;9;72 985 Ft;22;33 575 Ft;39;12 650 Ft;559;4 630 Ft;820;4 630 Ft;930;4 095 Ft;4838;2 105 Ft;9001;2 105 Ft;1;2;5;24;47;3;8
2015;53;2016.01.01.;0;49 685 851,50 EUR;0;423 474,30 EUR;0;83 847 900 Ft;0;1 270 415 Ft;18;81 400 Ft;28;38 655 Ft;39;17 225 Ft;783;5 525 Ft;688;5 975 Ft;1398;4 770 Ft;3790;2 805 Ft;12476;2 245 Ft;11;14;35;44;45;5;6
2015;52;2015.12.25.;0;0 EUR;0;481 507,40 EUR;0;47 108 395 Ft;1;1 345 945 Ft;12;80 750 Ft;17;34 205 Ft;77;15 135 Ft;705;4 905 Ft;1703;4 905 Ft;939;4 600 Ft;9036;2 220 Ft;12553;2 105 Ft;8;9;33;34;36;3;9
2015;51;2015.12.18.;0;0 EUR;0;451 426,80 EUR;0;22 082 720 Ft;4;761 470 Ft;49;51 280 Ft;50;24 450 Ft;83;14 220 Ft;1254;4 465 Ft;1000;5 740 Ft;1831;3 660 Ft;4037;2 910 Ft;14023;2 135 Ft;11;19;27;32;42;5;9
2015;50;2015.12.11.;0;0 EUR;0;1 191 136,20 EUR;0;29 133 775 Ft;0;3 531 360 Ft;10;79 445 Ft;16;34 985 Ft;18;23 590 Ft;421;6 180 Ft;315;9 065 Ft;825;4 575 Ft;1782;4 295 Ft;7496;2 660 Ft;34;36;37;39;49;8;10
2015;49;2015.12.04.;0;0 EUR;0;220 909 EUR;1;32 015 855 Ft;1;600 330 Ft;13;46 570 Ft;31;22 645 Ft;65;10 700 Ft;580;4 435 Ft;935;4 435 Ft;951;3 800 Ft;5149;2 135 Ft;8593;2 135 Ft;14;16;26;34;38;2;8
2015;48;2015.11.27.;0;0 EUR;0;513 350,80 EUR;0;16 741 270 Ft;0;1 014 605 Ft;26;234 385 Ft;45;22 065 Ft;34;14 440 Ft;1084;3 520 Ft;507;5 380 Ft;1285;3 520 Ft;2340;2 745 Ft;14361;1 720 Ft;2;7;13;26;49;3;4
2015;47;2015.11.20.;0;0 EUR;0;1 016 924,70 EUR;0;19 898 220 Ft;1;6 842 410 Ft;5;101 845 Ft;16;39 945 Ft;23;22 175 Ft;501;6 210 Ft;502;7 040 Ft;755;4 795 Ft;3048;3 215 Ft;7889;2 525 Ft;1;18;20;31;36;5;9
2015;46;2015.11.13.;0;32 657 956,90 EUR;0;1 406 004,20 EUR;0;27 511 350 Ft;0;1 910 490 Ft;11;77 255 Ft;25;33 320 Ft;46;21 180 Ft;844;5 100 Ft;611;7 680 Ft;1517;3 855 Ft;3444;3 630 Ft;13218;2 190 Ft;19;23;26;27;49;3;10
2015;45;2015.11.06.;0;0 EUR;0;201 592,50 EUR;1;7 396 055 Ft;3;896 495 Ft;26;48 235 Ft;47;15 800 Ft;106;12 805 Ft;807;4 350 Ft;1313;5 100 Ft;1588;3 075 Ft;6687;2 550 Ft;11344;2 105 Ft;2;4;8;22;24;3;9
2015;44;2015.10.30.;0;0 EUR;0;1 116 663,90 EUR;0;21 849 820 Ft;2;933 750 Ft;11;67 830 Ft;8;35 150 Ft;37;13 305 Ft;547;4 710 Ft;682;4 710 Ft;794;4 710 Ft;3719;2 135 Ft;9846;1 995 Ft;5;15;16;36;37;3;5
2015;43;2015.10.23.;0;0 EUR;0;345 488 EUR;0;25 350 690 Ft;1;1 609 560 Ft;20;62 315 Ft;20;31 075 Ft;23;16 550 Ft;473;4 990 Ft;362;6 155 Ft;905;4 465 Ft;2128;2 940 Ft;7624;2 220 Ft;16;18;34;36;49;6;8
2015;42;2015.10.16.;0;0 EUR;0;1 018 326,30 EUR;0;33 209 420 Ft;1;706 585 Ft;30;64 810 Ft;33;28 360 Ft;95;15 165 Ft;715;5 295 Ft;1243;5 685 Ft;1149;4 240 Ft;6624;2 605 Ft;10373;2 330 Ft;11;19;38;42;46;3;9
2015;41;2015.10.09.;0;31 579 233,10 EUR;0;1 295 619,70 EUR;0;31 689 310 Ft;2;1 242 715 Ft;9;71 185 Ft;17;32 015 Ft;100;14 525 Ft;861;4 710 Ft;1529;4 880 Ft;1222;3 935 Ft;8024;2 465 Ft;12629;2 050 Ft;13;14;23;26;31;3;9
2015;40;2015.10.02.;0;0 EUR;0;289 530 EUR;0;14 163 120 Ft;5;726 290 Ft;38;48 260 Ft;57;23 010 Ft;139;9 455 Ft;1067;4 075 Ft;1440;4 075 Ft;1863;3 660 Ft;6248;1 995 Ft;12070;1 995 Ft;7;9;28;39;47;2;8
2015;39;2015.09.25.;0;0 EUR;0;1 060 512,70 EUR;0;103 755 570 Ft;1;652 530 Ft;21;50 920 Ft;34;27 805 Ft;63;10 005 Ft;977;3 825 Ft;992;3 825 Ft;1436;3 825 Ft;4207;1 995 Ft;13213;1 885 Ft;3;5;13;16;30;3;6
2015;38;2015.09.18.;0;0 EUR;0;342 156,10 EUR;0;50 212 395 Ft;0;1 154 290 Ft;26;57 490 Ft;41;31 075 Ft;49;12 615 Ft;1242;3 965 Ft;685;4 960 Ft;1775;3 825 Ft;3045;2 580 Ft;13172;1 940 Ft;3;7;13;41;48;1;7
2015;37;2015.09.11.;0;0 EUR;0;253 324,30 EUR;0;33 045 400 Ft;1;944 145 Ft;12;57 630 Ft;19;34 205 Ft;65;12 005 Ft;786;4 240 Ft;1051;4 240 Ft;1156;4 240 Ft;5030;2 050 Ft;12254;1 915 Ft;7;22;27;30;31;5;7
2015;36;2015.09.04.;0;38 878 827,50 EUR;0;367 408,50 EUR;0;101 845 635 Ft;4;582 620 Ft;13;62 950 Ft;22;33 765 Ft;127;9 455 Ft;799;4 215 Ft;1485;4 215 Ft;1207;4 215 Ft;7877;1 970 Ft;11383;1 970 Ft;12;23;37;41;46;3;7
2015;35;2015.08.28.;0;0 EUR;0;247 071,40 EUR;0;40 287 165 Ft;0;1 184 890 Ft;21;62 620 Ft;17;32 710 Ft;72;12 060 Ft;758;4 325 Ft;1092;4 325 Ft;1023;4 325 Ft;5918;1 970 Ft;11574;1 970 Ft;5;8;33;34;46;3;8
2015;34;2015.08.21.;0;0 EUR;0;555 413,90 EUR;0;54 339 070 Ft;0;1 575 025 Ft;26;73 430 Ft;22;33 540 Ft;130;15 855 Ft;757;5 515 Ft;1421;5 570 Ft;1088;4 490 Ft;6868;2 635 Ft;10940;2 385 Ft;13;20;39;40;42;3;9
2015;33;2015.08.14.;0;0 EUR;0;363 052,80 EUR;0;100 638 235 Ft;1;1 346 305 Ft;12;77 590 Ft;16;35 150 Ft;37;15 660 Ft;707;5 045 Ft;562;5 045 Ft;1262;4 105 Ft;3120;2 355 Ft;10828;2 135 Ft;1;7;27;28;41;2;6
2015;32;2015.08.07.;0;0 EUR;0;340 571,40 EUR;0;33 319 885 Ft;1;979 985 Ft;17;59 600 Ft;27;30 545 Ft;81;10 670 Ft;615;4 185 Ft;1090;4 185 Ft;1024;4 130 Ft;5936;1 995 Ft;9293;1 995 Ft;1;9;15;22;49;4;7
2015;31;2015.07.31.;0;0 EUR;0;258 055,30 EUR;0;25 246 905 Ft;3;2 961 355 Ft;14;70 435 Ft;23;28 910 Ft;25;16 270 Ft;518;5 240 Ft;426;5 740 Ft;1156;4 240 Ft;2206;2 745 Ft;8200;2 245 Ft;11;19;24;46;49;1;5
2015;30;2015.07.24.;0;46 154 745,90 EUR;1;730 911,10 EUR;0;15 890 850 Ft;2;627 250 Ft;17;50 340 Ft;31;25 390 Ft;68;10 230 Ft;760;4 350 Ft;758;4 350 Ft;1146;3 965 Ft;3670;2 190 Ft;10181;2 080 Ft;6;12;15;20;30;3;6
2015;29;2015.07.17.;0;0 EUR;0;724 891 EUR;0;18 466 595 Ft;0;1 657 240 Ft;18;342 835 Ft;31;30 545 Ft;29;19 985 Ft;745;5 295 Ft;429;6 820 Ft;1320;4 405 Ft;2519;2 995 Ft;10176;2 300 Ft;6;21;30;37;44;1;3
2015;28;2015.07.10.;0;0 EUR;0;0 EUR;0;118 779 590 Ft;2;989 825 Ft;8;68 775 Ft;18;33 100 Ft;38;13 140 Ft;555;4 770 Ft;650;4 770 Ft;917;4 435 Ft;3636;2 190 Ft;9086;2 190 Ft;12;35;36;39;47;3;6
2015;27;2015.07.03.;0;0 EUR;0;0 EUR;1;26 638 420 Ft;0;2 367 840 Ft;6;98 045 Ft;7;45 515 Ft;28;24 895 Ft;388;6 930 Ft;418;8 235 Ft;625;5 405 Ft;3163;3 380 Ft;6796;2 855 Ft;1;31;40;41;45;5;9
2015;26;2015.06.26.;0;0 EUR;0;1 052 228,20 EUR;0;34 315 005 Ft;0;1 559 750 Ft;11;61 370 Ft;19;22 425 Ft;33;16 465 Ft;594;4 710 Ft;406;5 990 Ft;1271;3 495 Ft;2339;2 800 Ft;8195;2 245 Ft;14;27;28;35;47;1;8
2015;25;2015.06.19.;0;0 EUR;0;1 043 277,60 EUR;0;51 034 680 Ft;1;6 479 250 Ft;4;87 735 Ft;27;32 265 Ft;31;22 760 Ft;549;5 600 Ft;476;8 010 Ft;1314;3 965 Ft;2363;3 770 Ft;8667;2 440 Ft;12;14;20;21;39;5;10
2015;24;2015.06.12.;0;0 EUR;0;343 003,60 EUR;0;33 557 860 Ft;1;1 157 145 Ft;12;63 425 Ft;35;28 080 Ft;34;16 550 Ft;737;4 520 Ft;458;5 930 Ft;1485;3 825 Ft;2474;2 825 Ft;10659;2 050 Ft;17;23;27;30;39;6;8
2015;23;2015.06.05.;0;23 251 598,30 EUR;0;1 182 434 EUR;0;115 683 765 Ft;0;1 836 230 Ft;6;924 645 Ft;14;41 525 Ft;20;19 570 Ft;516;6 265 Ft;421;6 735 Ft;1004;5 210 Ft;2140;2 995 Ft;7948;2 525 Ft;19;38;40;41;50;1;5
2015;22;2015.05.29.;0;0 EUR;0;585 694,50 EUR;0;114 603 185 Ft;2;658 625 Ft;10;70 575 Ft;25;34 150 Ft;73;11 145 Ft;536;5 295 Ft;521;5 490 Ft;1066;4 350 Ft;2213;3 020 Ft;8340;2 275 Ft;1;6;16;28;38;1;6
2015;21;2015.05.22.;0;0 EUR;0;394 844,70 EUR;0;57 944 615 Ft;1;1 332 055 Ft;9;73 180 Ft;33;34 565 Ft;32;17 270 Ft;733;5 320 Ft;480;6 015 Ft;1705;4 160 Ft;2611;2 715 Ft;10399;2 245 Ft;8;23;24;39;50;1;5
2015;20;2015.05.15.;0;90 000 000 EUR;0;7 643 519,60 EUR;0;55 960 470 Ft;1;6 533 140 Ft;31;74 150 Ft;36;25 670 Ft;36;21 565 Ft;837;5 600 Ft;461;7 680 Ft;1729;3 630 Ft;2706;3 630 Ft;13161;2 550 Ft;12;14;18;38;46;9;10
2015;19;2015.05.08.;0;0 EUR;0;4 323 237,70 EUR;0;83 954 150 Ft;0;1 622 285 Ft;17;83 935 Ft;16;38 200 Ft;26;22 730 Ft;883;5 795 Ft;550;7 985 Ft;1304;4 825 Ft;3028;3 685 Ft;14006;2 440 Ft;19;31;32;40;46;8;9
2015;18;2015.05.01.;0;0 EUR;0;2 465 617,50 EUR;0;60 306 080 Ft;1;6 340 125 Ft;15;75 925 Ft;29;34 375 Ft;37;16 020 Ft;657;5 405 Ft;731;5 405 Ft;1244;4 545 Ft;4446;2 385 Ft;10858;2 275 Ft;8;24;25;30;50;4;6
2015;17;2015.04.24.;0;0 EUR;0;291 422,60 EUR;0;16 631 640 Ft;3;739 180 Ft;24;54 220 Ft;28;24 255 Ft;124;12 890 Ft;1008;4 465 Ft;1603;5 130 Ft;1499;3 630 Ft;8604;2 580 Ft;14545;2 105 Ft;4;17;27;33;46;3;9
2015;16;2015.04.17.;0;0 EUR;0;313 607,10 EUR;0;86 931 890 Ft;0;568 955 Ft;37;52 500 Ft;57;25 920 Ft;105;10 310 Ft;1309;3 935 Ft;1378;3 935 Ft;1894;3 685 Ft;6567;2 025 Ft;16231;1 885 Ft;5;6;13;20;33;3;8
2015;15;2015.04.10.;0;0 EUR;0;267 013,10 EUR;0;26 123 300 Ft;0;1 404 460 Ft;21;76 505 Ft;18;36 450 Ft;31;19 710 Ft;681;5 490 Ft;450;6 350 Ft;1023;4 990 Ft;2725;2 770 Ft;10856;2 245 Ft;1;18;26;40;47;3;4
2015;14;2015.04.03.;0;0 EUR;0;1 167 073,90 EUR;0;39 435 330 Ft;1;11 792 515 Ft;7;73 155 Ft;18;36 065 Ft;41;17 130 Ft;776;4 990 Ft;588;5 765 Ft;1245;4 600 Ft;3769;2 635 Ft;12983;2 105 Ft;5;34;37;43;48;2;4
2015;13;2015.03.27.;0;0 EUR;0;0 EUR;0;27 513 985 Ft;1;1 528 535 Ft;14;81 305 Ft;22;34 095 Ft;101;17 520 Ft;800;5 380 Ft;1426;5 905 Ft;1113;4 380 Ft;7699;2 800 Ft;12125;2 275 Ft;3;26;31;33;50;3;9
2015;12;2015.03.20.;0;0 EUR;0;353 403,70 EUR;0;34 575 350 Ft;1;823 200 Ft;13;57 075 Ft;37;28 855 Ft;89;10 090 Ft;1128;3 880 Ft;1273;3 880 Ft;1560;3 880 Ft;5878;1 970 Ft;14928;1 775 Ft;9;11;13;35;38;5;7
2015;11;2015.03.13.;0;0 EUR;0;346 533,60 EUR;0;16 951 610 Ft;2;1 027 360 Ft;10;75 315 Ft;28;34 125 Ft;23;18 685 Ft;616;5 185 Ft;459;6 820 Ft;1203;4 490 Ft;2381;3 245 Ft;10640;2 245 Ft;1;10;25;39;44;1;2
2015;10;2015.03.06.;0;0 EUR;0;966 523,50 EUR;0;47 280 035 Ft;0;1 260 790 Ft;22;65 195 Ft;22;35 925 Ft;50;15 715 Ft;1113;4 350 Ft;555;6 155 Ft;1288;4 350 Ft;2680;2 995 Ft;14170;1 885 Ft;9;16;17;20;32;2;3
2015;9;2015.02.27.;0;0 EUR;0;480 633,50 EUR;0;94 045 840 Ft;2;2 239 165 Ft;21;80 830 Ft;33;30 630 Ft;21;27 360 Ft;627;5 905 Ft;393;9 620 Ft;1326;4 435 Ft;1999;4 435 Ft;9333;2 525 Ft;9;28;30;43;49;8;10
2015;8;2015.02.20.;0;49 670 283 EUR;0;307 998 EUR;0;75 332 675 Ft;2;1 024 920 Ft;17;74 315 Ft;24;37 115 Ft;78;13 220 Ft;994;4 825 Ft;1055;4 825 Ft;1302;4 575 Ft;5307;2 135 Ft;13421;2 135 Ft;1;16;18;29;44;2;7
2015;7;2015.02.13.;0;0 EUR;1;1 260 783,60 EUR;1;20 070 750 Ft;2;1 170 780 Ft;10;88 345 Ft;27;33 235 Ft;42;21 900 Ft;768;5 545 Ft;690;7 485 Ft;1518;3 935 Ft;3617;3 575 Ft;12738;2 355 Ft;3;7;14;46;48;6;9
2015;6;2015.02.06.;0;0 EUR;0;0 EUR;1;23 771 230 Ft;0;1 722 550 Ft;12;60 320 Ft;58;21 730 Ft;41;21 730 Ft;852;4 960 Ft;488;8 150 Ft;2269;3 660 Ft;2716;3 660 Ft;10449;2 330 Ft;3;19;22;37;39;5;10
2015;5;2015.01.30.;0;0 EUR;0;0 EUR;0;36 898 620 Ft;3;899 960 Ft;12;64 590 Ft;33;30 685 Ft;89;11 200 Ft;972;4 075 Ft;1260;4 075 Ft;1381;4 075 Ft;6440;1 970 Ft;12217;1 970 Ft;3;4;8;11;41;2;8
2015;4;2015.01.23.;0;0 EUR;0;347 405,20 EUR;0;25 491 365 Ft;2;1 618 490 Ft;14;71 960 Ft;19;33 345 Ft;32;16 440 Ft;699;5 045 Ft;522;5 710 Ft;1245;4 405 Ft;2662;2 745 Ft;11371;2 105 Ft;2;13;14;30;32;1;3
2015;3;2015.01.16.;0;0 EUR;0;320 778,10 EUR;0;31 383 420 Ft;1;1 207 040 Ft;10;82 330 Ft;31;35 150 Ft;22;17 740 Ft;556;5 515 Ft;440;6 125 Ft;1292;4 545 Ft;2534;2 800 Ft;8484;2 275 Ft;1;4;14;32;48;5;6
2015;2;2015.01.09.;0;0 EUR;0;441 927,50 EUR;1;86 472 205 Ft;2;1 067 555 Ft;22;73 070 Ft;34;28 495 Ft;53;20 345 Ft;1057;5 155 Ft;830;7 180 Ft;1789;3 685 Ft;3684;3 550 Ft;13581;2 275 Ft;13;19;20;27;41;5;9
2015;1;2015.01.02.;0;0 EUR;0;440 355,50 EUR;0;28 721 525 Ft;0;1 063 755 Ft;14;71 185 Ft;28;35 120 Ft;37;17 355 Ft;616;5 320 Ft;446;6 235 Ft;1241;4 685 Ft;2443;2 855 Ft;8859;2 300 Ft;16;29;38;42;48;5;6
2014;52;2014.12.26.;0;17 783 911 EUR;0;174 613,80 EUR;0;21 354 240 Ft;1;949 075 Ft;12;68 690 Ft;22;36 620 Ft;55;14 360 Ft;582;5 240 Ft;791;5 240 Ft;981;5 045 Ft;4349;2 245 Ft;9602;2 245 Ft;2;21;30;39;43;5;7
2014;51;2014.12.19.;0;0 EUR;1;241 199,60 EUR;0;23 597 815 Ft;3;1 573 165 Ft;17;51 670 Ft;35;23 730 Ft;47;20 210 Ft;862;4 710 Ft;711;7 430 Ft;1326;3 660 Ft;3554;3 660 Ft;11407;2 275 Ft;10;11;25;32;49;5;9
2014;50;2014.12.12.;0;0 EUR;0;465 402,80 EUR;0;18 213 120 Ft;1;3 372 775 Ft;18;74 620 Ft;30;25 170 Ft;41;23 730 Ft;986;4 905 Ft;707;8 455 Ft;1373;3 910 Ft;3710;3 910 Ft;14450;2 220 Ft;1;8;15;19;37;7;9
2014;49;2014.12.05.;0;58 693 173,90 EUR;0;1 600 017,80 EUR;0;55 938 490 Ft;1;1 645 235 Ft;11;76 035 Ft;33;31 130 Ft;46;20 290 Ft;873;5 600 Ft;797;7 070 Ft;1496;4 160 Ft;4232;3 300 Ft;12673;2 410 Ft;11;25;32;42;47;4;9
2014;48;2014.11.28.;0;0 EUR;0;0 EUR;0;48 420 300 Ft;0;1 793 320 Ft;12;70 740 Ft;29;31 130 Ft;42;20 705 Ft;748;5 265 Ft;726;7 430 Ft;1178;3 990 Ft;3714;3 715 Ft;11400;2 330 Ft;6;16;18;29;35;6;9
2014;47;2014.11.21.;0;0 EUR;0;625 882,50 EUR;0;25 492 060 Ft;1;1 148 275 Ft;27;63 810 Ft;31;35 730 Ft;28;16 300 Ft;877;5 100 Ft;471;5 435 Ft;1252;4 795 Ft;2630;4 795 Ft;11997;2 190 Ft;4;18;35;41;43;4;5
2014;46;2014.11.14.;0;0 EUR;0;0 EUR;0;39 157 745 Ft;1;1 151 685 Ft;11;77 950 Ft;15;40 000 Ft;42;14 305 Ft;640;5 130 Ft;692;5 130 Ft;1008;5 015 Ft;4053;2 245 Ft;11347;2 245 Ft;22;25;41;45;49;2;5
2014;45;2014.11.07.;0;0 EUR;0;354 704 EUR;0;17 351 280 Ft;4;619 680 Ft;28;42 300 Ft;77;19 375 Ft;129;8 760 Ft;1197;3 605 Ft;1182;3 715 Ft;2469;3 050 Ft;5313;1 970 Ft;13541;1 885 Ft;5;13;25;33;35;4;8
2014;44;2014.10.31.;0;0 EUR;0;501 368,70 EUR;0;32 701 035 Ft;1;817 520 Ft;29;54 995 Ft;38;30 990 Ft;115;9 950 Ft;1360;3 910 Ft;1464;3 910 Ft;1705;3 910 Ft;6926;1 885 Ft;16999;1 830 Ft;3;7;27;43;46;3;8
2014;43;2014.10.24.;0;0 EUR;0;150 199,80 EUR;0;41 635 385 Ft;2;782 785 Ft;14;47 375 Ft;21;27 720 Ft;39;12 060 Ft;860;4 045 Ft;668;4 795 Ft;1484;3 935 Ft;3538;2 355 Ft;12575;1 915 Ft;3;15;22;26;37;2;4
2014;42;2014.10.17.;0;0 EUR;0;435 530,60 EUR;0;28 406 820 Ft;1;1 495 080 Ft;30;44 600 Ft;40;23 840 Ft;37;14 745 Ft;1431;3 740 Ft;559;5 765 Ft;1610;3 740 Ft;2870;2 770 Ft;17475;1 800 Ft;14;24;27;35;39;7;8
2014;41;2014.10.10.;0;0 EUR;0;864 054,70 EUR;0;21 133 755 Ft;1;853 885 Ft;21;62 285 Ft;36;26 945 Ft;73;10 730 Ft;932;4 240 Ft;967;4 240 Ft;1938;3 825 Ft;4563;2 050 Ft;14026;1 995 Ft;11;17;20;22;29;4;6
